{"version": "4.2.10", "flags": {}, "shapes": [{"label": "cashang", "points": [[2756.0, 2170.0], [2792.0, 2222.0]], "group_id": {}, "shape_type": "rectangle", "score": 0.5224609375, "flags": {}}, {"label": "zangwu", "points": [[2682.0, 1737.0], [2970.0, 2196.0]], "group_id": {}, "shape_type": "rectangle", "score": 0.66064453125, "flags": {}}, {"label": "dianzhuang", "points": [[2664.0, 2390.0], [2676.0, 2402.0]], "group_id": {}, "shape_type": "rectangle", "score": 0.68212890625, "flags": {}}, {"label": "dianzhuang", "points": [[2054.0, 387.0], [2062.0, 394.0]], "group_id": {}, "shape_type": "rectangle", "score": 0.68359375, "flags": {}}, {"label": "dianzhuang", "points": [[2082.0, 246.0], [2090.0, 254.0]], "group_id": {}, "shape_type": "rectangle", "score": 0.685546875, "flags": {}}, {"label": "dianzhuang", "points": [[2222.0, 1302.0], [2230.0, 1310.0]], "group_id": {}, "shape_type": "rectangle", "score": 0.6865234375, "flags": {}}, {"label": "dianzhuang", "points": [[1899.0, 2015.0], [1907.0, 2023.0]], "group_id": {}, "shape_type": "rectangle", "score": 0.69873046875, "flags": {}}, {"label": "dianzhuang", "points": [[2814.0, 2272.0], [2822.0, 2280.0]], "group_id": {}, "shape_type": "rectangle", "score": 0.7001953125, "flags": {}}, {"label": "dianzhuang", "points": [[3720.0, 2654.0], [3728.0, 2662.0]], "group_id": {}, "shape_type": "rectangle", "score": 0.71630859375, "flags": {}}, {"label": "dianzhuang", "points": [[2638.0, 2680.0], [2646.0, 2688.0]], "group_id": {}, "shape_type": "rectangle", "score": 0.71826171875, "flags": {}}, {"label": "dianzhuang", "points": [[1850.0, 1437.0], [1856.0, 1443.0]], "group_id": {}, "shape_type": "rectangle", "score": 0.71826171875, "flags": {}}, {"label": "dianzhuang", "points": [[1067.0, 834.0], [1075.0, 840.0]], "group_id": {}, "shape_type": "rectangle", "score": 0.7353515625, "flags": {}}, {"label": "dianzhuang", "points": [[600.0, 2654.0], [608.0, 2662.0]], "group_id": {}, "shape_type": "rectangle", "score": 0.7353515625, "flags": {}}, {"label": "dianzhuang", "points": [[2560.0, 2906.0], [2568.0, 2914.0]], "group_id": {}, "shape_type": "rectangle", "score": 0.73681640625, "flags": {}}, {"label": "dianzhuang", "points": [[824.0, 2920.0], [831.0, 2928.0]], "group_id": {}, "shape_type": "rectangle", "score": 0.73828125, "flags": {}}, {"label": "dianzhuang", "points": [[1417.0, 1576.0], [1425.0, 1584.0]], "group_id": {}, "shape_type": "rectangle", "score": 0.73828125, "flags": {}}, {"label": "dianzhuang", "points": [[2096.0, 2172.0], [2104.0, 2180.0]], "group_id": {}, "shape_type": "rectangle", "score": 0.74267578125, "flags": {}}, {"label": "dianzhuang", "points": [[2132.0, 2120.0], [2140.0, 2128.0]], "group_id": {}, "shape_type": "rectangle", "score": 0.74951171875, "flags": {}}, {"label": "dianzhuang", "points": [[1353.0, 2106.0], [1359.0, 2114.0]], "group_id": {}, "shape_type": "rectangle", "score": 0.7568359375, "flags": {}}, {"label": "dianzhuang", "points": [[3264.0, 2028.0], [3272.0, 2034.0]], "group_id": {}, "shape_type": "rectangle", "score": 0.75830078125, "flags": {}}, {"label": "dianzhuang", "points": [[1943.0, 2268.0], [1951.0, 2276.0]], "group_id": {}, "shape_type": "rectangle", "score": 0.75830078125, "flags": {}}, {"label": "dianzhuang", "points": [[2724.0, 2744.0], [2732.0, 2752.0]], "group_id": {}, "shape_type": "rectangle", "score": 0.7666015625, "flags": {}}, {"label": "dianzhuang", "points": [[3586.0, 3062.0], [3594.0, 3070.0]], "group_id": {}, "shape_type": "rectangle", "score": 0.76708984375, "flags": {}}, {"label": "dianzhuang", "points": [[2834.0, 675.0], [2846.0, 685.0]], "group_id": {}, "shape_type": "rectangle", "score": 0.775390625, "flags": {}}, {"label": "dianzhuang", "points": [[1165.0, 2510.0], [1177.0, 2522.0]], "group_id": {}, "shape_type": "rectangle", "score": 0.78076171875, "flags": {}}, {"label": "dianzhuang", "points": [[742.0, 2588.0], [750.0, 2596.0]], "group_id": {}, "shape_type": "rectangle", "score": 0.78076171875, "flags": {}}, {"label": "dianzhuang", "points": [[491.0, 1422.0], [499.0, 1430.0]], "group_id": {}, "shape_type": "rectangle", "score": 0.7841796875, "flags": {}}, {"label": "dianzhuang", "points": [[1085.0, 1881.0], [1093.0, 1889.0]], "group_id": {}, "shape_type": "rectangle", "score": 0.78466796875, "flags": {}}, {"label": "dianzhuang", "points": [[3208.0, 561.0], [3216.0, 569.0]], "group_id": {}, "shape_type": "rectangle", "score": 0.802734375, "flags": {}}, {"label": "zangwu", "points": [[2288.0, 31.0], [2388.0, 95.0]], "group_id": {}, "shape_type": "rectangle", "score": 0.802734375, "flags": {}}, {"label": "dianzhuang", "points": [[3292.0, 2164.0], [3300.0, 2172.0]], "group_id": {}, "shape_type": "rectangle", "score": 0.8037109375, "flags": {}}, {"label": "dianzhuang", "points": [[318.0, 2658.0], [326.0, 2666.0]], "group_id": {}, "shape_type": "rectangle", "score": 0.8037109375, "flags": {}}, {"label": "dianzhuang", "points": [[2938.0, 2604.0], [2946.0, 2612.0]], "group_id": {}, "shape_type": "rectangle", "score": 0.80712890625, "flags": {}}, {"label": "dianzhuang", "points": [[2936.0, 2570.0], [2944.0, 2578.0]], "group_id": {}, "shape_type": "rectangle", "score": 0.814453125, "flags": {}}, {"label": "dianzhuang", "points": [[2632.0, 464.0], [2640.0, 472.0]], "group_id": {}, "shape_type": "rectangle", "score": 0.81494140625, "flags": {}}], "imagePath": "3702-0002-01.jpg", "imageData": null, "imageHeight": 3200, "imageWidth": 3800}