{"version": "4.2.10", "flags": {}, "shapes": [{"label": "huashang", "points": [[1435.0, 938.0], [1505.0, 980.0]], "group_id": {}, "shape_type": "rectangle", "score": 0.54248046875, "flags": {}}, {"label": "huashang", "points": [[376.0, 314.0], [422.0, 339.0]], "group_id": {}, "shape_type": "rectangle", "score": 0.54443359375, "flags": {}}, {"label": "huashang", "points": [[804.0, 1951.0], [905.0, 2023.0]], "group_id": {}, "shape_type": "rectangle", "score": 0.54736328125, "flags": {}}, {"label": "huashang", "points": [[594.0, 2178.0], [704.0, 2294.0]], "group_id": {}, "shape_type": "rectangle", "score": 0.572265625, "flags": {}}, {"label": "huashang", "points": [[616.0, 1803.0], [652.0, 1821.0]], "group_id": {}, "shape_type": "rectangle", "score": 0.578125, "flags": {}}, {"label": "huashang", "points": [[1554.0, 1751.0], [1628.0, 1843.0]], "group_id": {}, "shape_type": "rectangle", "score": 0.59521484375, "flags": {}}, {"label": "huashang", "points": [[1621.0, 1043.0], [1677.0, 1337.0]], "group_id": {}, "shape_type": "rectangle", "score": 0.60009765625, "flags": {}}, {"label": "cashang", "points": [[2062.0, 1194.0], [2086.0, 1222.0]], "group_id": {}, "shape_type": "rectangle", "score": 0.60205078125, "flags": {}}, {"label": "huashang", "points": [[2402.0, 2740.0], [2634.0, 2788.0]], "group_id": {}, "shape_type": "rectangle", "score": 0.6708984375, "flags": {}}, {"label": "cashang", "points": [[1900.0, 902.0], [1940.0, 936.0]], "group_id": {}, "shape_type": "rectangle", "score": 0.68603515625, "flags": {}}, {"label": "huashang", "points": [[360.0, 2516.0], [382.0, 2548.0]], "group_id": {}, "shape_type": "rectangle", "score": 0.68798828125, "flags": {}}, {"label": "huashang", "points": [[2418.0, 2860.0], [2602.0, 2920.0]], "group_id": {}, "shape_type": "rectangle", "score": 0.79150390625, "flags": {}}, {"label": "huashang", "points": [[1738.0, 1560.0], [1786.0, 1588.0]], "group_id": {}, "shape_type": "rectangle", "score": 0.849609375, "flags": {}}, {"label": "huashang", "points": [[747.0, 1795.0], [791.0, 1813.0]], "group_id": {}, "shape_type": "rectangle", "score": 0.85546875, "flags": {}}, {"label": "dianzhuang", "points": [[1266.0, 860.0], [1272.0, 866.0]], "group_id": {}, "shape_type": "rectangle", "score": 0.6591796875, "flags": {}}, {"label": "dianzhuang", "points": [[2804.0, 1912.0], [2812.0, 1920.0]], "group_id": {}, "shape_type": "rectangle", "score": 0.65966796875, "flags": {}}, {"label": "dianzhuang", "points": [[3022.0, 2836.0], [3030.0, 2844.0]], "group_id": {}, "shape_type": "rectangle", "score": 0.662109375, "flags": {}}, {"label": "dianzhuang", "points": [[674.0, 1994.0], [680.0, 2002.0]], "group_id": {}, "shape_type": "rectangle", "score": 0.66650390625, "flags": {}}, {"label": "dianzhuang", "points": [[1251.0, 472.0], [1257.0, 480.0]], "group_id": {}, "shape_type": "rectangle", "score": 0.66650390625, "flags": {}}, {"label": "dianzhuang", "points": [[704.0, 1660.0], [710.0, 1666.0]], "group_id": {}, "shape_type": "rectangle", "score": 0.6669921875, "flags": {}}, {"label": "dianzhuang", "points": [[3278.0, 2560.0], [3286.0, 2568.0]], "group_id": {}, "shape_type": "rectangle", "score": 0.66748046875, "flags": {}}, {"label": "dianzhuang", "points": [[3684.0, 2806.0], [3692.0, 2814.0]], "group_id": {}, "shape_type": "rectangle", "score": 0.6708984375, "flags": {}}, {"label": "dianzhuang", "points": [[964.0, 2362.0], [971.0, 2370.0]], "group_id": {}, "shape_type": "rectangle", "score": 0.67626953125, "flags": {}}, {"label": "dianzhuang", "points": [[2064.0, 1212.0], [2072.0, 1220.0]], "group_id": {}, "shape_type": "rectangle", "score": 0.6787109375, "flags": {}}, {"label": "dianzhuang", "points": [[2932.0, 1580.0], [2940.0, 1588.0]], "group_id": {}, "shape_type": "rectangle", "score": 0.6787109375, "flags": {}}, {"label": "dianzhuang", "points": [[692.0, 2688.0], [700.0, 2696.0]], "group_id": {}, "shape_type": "rectangle", "score": 0.6796875, "flags": {}}, {"label": "dianzhuang", "points": [[1965.0, 23.0], [1973.0, 31.0]], "group_id": {}, "shape_type": "rectangle", "score": 0.68115234375, "flags": {}}, {"label": "dianzhuang", "points": [[2466.0, 1961.0], [2474.0, 1967.0]], "group_id": {}, "shape_type": "rectangle", "score": 0.68359375, "flags": {}}, {"label": "dianzhuang", "points": [[2754.0, 2944.0], [2762.0, 2952.0]], "group_id": {}, "shape_type": "rectangle", "score": 0.6845703125, "flags": {}}, {"label": "dianzhuang", "points": [[792.0, 506.0], [800.0, 514.0]], "group_id": {}, "shape_type": "rectangle", "score": 0.6845703125, "flags": {}}, {"label": "dianzhuang", "points": [[830.0, 1623.0], [839.0, 1633.0]], "group_id": {}, "shape_type": "rectangle", "score": 0.6923828125, "flags": {}}, {"label": "zangwu", "points": [[1227.0, 227.0], [1601.0, 416.0]], "group_id": {}, "shape_type": "rectangle", "score": 0.69287109375, "flags": {}}, {"label": "dianzhuang", "points": [[994.0, 1505.0], [1006.0, 1515.0]], "group_id": {}, "shape_type": "rectangle", "score": 0.693359375, "flags": {}}, {"label": "dianzhuang", "points": [[3772.0, 1247.0], [3780.0, 1253.0]], "group_id": {}, "shape_type": "rectangle", "score": 0.69384765625, "flags": {}}, {"label": "dianzhuang", "points": [[1791.0, 3144.0], [1799.0, 3152.0]], "group_id": {}, "shape_type": "rectangle", "score": 0.6953125, "flags": {}}, {"label": "dianzhuang", "points": [[358.0, 2782.0], [364.0, 2790.0]], "group_id": {}, "shape_type": "rectangle", "score": 0.6953125, "flags": {}}, {"label": "dianzhuang", "points": [[2700.0, 1426.0], [2708.0, 1434.0]], "group_id": {}, "shape_type": "rectangle", "score": 0.6953125, "flags": {}}, {"label": "dianzhuang", "points": [[2019.0, 816.0], [2027.0, 822.0]], "group_id": {}, "shape_type": "rectangle", "score": 0.69873046875, "flags": {}}, {"label": "dianzhuang", "points": [[3068.0, 1651.0], [3080.0, 1663.0]], "group_id": {}, "shape_type": "rectangle", "score": 0.69873046875, "flags": {}}, {"label": "dianzhuang", "points": [[3246.0, 1289.0], [3254.0, 1295.0]], "group_id": {}, "shape_type": "rectangle", "score": 0.69873046875, "flags": {}}, {"label": "dianzhuang", "points": [[1215.0, 220.0], [1223.0, 229.0]], "group_id": {}, "shape_type": "rectangle", "score": 0.69873046875, "flags": {}}, {"label": "dianzhuang", "points": [[62.0, 2726.0], [70.0, 2734.0]], "group_id": {}, "shape_type": "rectangle", "score": 0.7001953125, "flags": {}}, {"label": "dianzhuang", "points": [[1137.0, 2168.0], [1143.0, 2176.0]], "group_id": {}, "shape_type": "rectangle", "score": 0.70166015625, "flags": {}}, {"label": "dianzhuang", "points": [[3170.0, 2658.0], [3186.0, 2670.0]], "group_id": {}, "shape_type": "rectangle", "score": 0.7021484375, "flags": {}}, {"label": "dianzhuang", "points": [[904.0, 1546.0], [912.0, 1552.0]], "group_id": {}, "shape_type": "rectangle", "score": 0.70263671875, "flags": {}}, {"label": "zangwu", "points": [[2890.0, 2570.0], [2930.0, 2634.0]], "group_id": {}, "shape_type": "rectangle", "score": 0.70361328125, "flags": {}}, {"label": "dianzhuang", "points": [[456.0, 1195.0], [464.0, 1203.0]], "group_id": {}, "shape_type": "rectangle", "score": 0.705078125, "flags": {}}, {"label": "dianzhuang", "points": [[2348.0, 364.0], [2356.0, 372.0]], "group_id": {}, "shape_type": "rectangle", "score": 0.70703125, "flags": {}}, {"label": "dianzhuang", "points": [[3040.0, 2516.0], [3044.0, 2520.0]], "group_id": {}, "shape_type": "rectangle", "score": 0.70849609375, "flags": {}}, {"label": "dianzhuang", "points": [[288.0, 3008.0], [296.0, 3016.0]], "group_id": {}, "shape_type": "rectangle", "score": 0.7099609375, "flags": {}}, {"label": "dianzhuang", "points": [[832.0, 1067.0], [840.0, 1075.0]], "group_id": {}, "shape_type": "rectangle", "score": 0.7099609375, "flags": {}}, {"label": "dianzhuang", "points": [[199.0, 293.0], [208.0, 303.0]], "group_id": {}, "shape_type": "rectangle", "score": 0.7119140625, "flags": {}}, {"label": "dianzhuang", "points": [[322.0, 1593.0], [330.0, 1601.0]], "group_id": {}, "shape_type": "rectangle", "score": 0.7119140625, "flags": {}}, {"label": "dianzhuang", "points": [[3096.0, 2694.0], [3100.0, 2698.0]], "group_id": {}, "shape_type": "rectangle", "score": 0.71337890625, "flags": {}}, {"label": "dianzhuang", "points": [[1900.0, 3132.0], [1908.0, 3140.0]], "group_id": {}, "shape_type": "rectangle", "score": 0.71337890625, "flags": {}}, {"label": "dianzhuang", "points": [[3786.0, 1158.0], [3794.0, 1164.0]], "group_id": {}, "shape_type": "rectangle", "score": 0.71337890625, "flags": {}}, {"label": "dianzhuang", "points": [[3598.0, 966.0], [3606.0, 972.0]], "group_id": {}, "shape_type": "rectangle", "score": 0.71435546875, "flags": {}}, {"label": "dianzhuang", "points": [[2756.0, 2920.0], [2764.0, 2928.0]], "group_id": {}, "shape_type": "rectangle", "score": 0.71630859375, "flags": {}}, {"label": "dianzhuang", "points": [[2678.0, 32.0], [2686.0, 41.0]], "group_id": {}, "shape_type": "rectangle", "score": 0.71826171875, "flags": {}}, {"label": "dianzhuang", "points": [[2130.0, 3140.0], [2138.0, 3148.0]], "group_id": {}, "shape_type": "rectangle", "score": 0.71826171875, "flags": {}}, {"label": "dianzhuang", "points": [[1351.0, 1429.0], [1359.0, 1435.0]], "group_id": {}, "shape_type": "rectangle", "score": 0.7197265625, "flags": {}}, {"label": "dianzhuang", "points": [[1765.0, 2994.0], [1773.0, 3002.0]], "group_id": {}, "shape_type": "rectangle", "score": 0.72119140625, "flags": {}}, {"label": "dianzhuang", "points": [[1877.0, 3058.0], [1889.0, 3070.0]], "group_id": {}, "shape_type": "rectangle", "score": 0.7236328125, "flags": {}}, {"label": "dianzhuang", "points": [[974.0, 530.0], [980.0, 536.0]], "group_id": {}, "shape_type": "rectangle", "score": 0.724609375, "flags": {}}, {"label": "dianzhuang", "points": [[2184.0, 1600.0], [2192.0, 1608.0]], "group_id": {}, "shape_type": "rectangle", "score": 0.72607421875, "flags": {}}, {"label": "dianzhuang", "points": [[1900.0, 3104.0], [1908.0, 3112.0]], "group_id": {}, "shape_type": "rectangle", "score": 0.72607421875, "flags": {}}, {"label": "dianzhuang", "points": [[3610.0, 2370.0], [3618.0, 2378.0]], "group_id": {}, "shape_type": "rectangle", "score": 0.72607421875, "flags": {}}, {"label": "dianzhuang", "points": [[550.0, 650.0], [556.0, 657.0]], "group_id": {}, "shape_type": "rectangle", "score": 0.72705078125, "flags": {}}, {"label": "dianzhuang", "points": [[2852.0, 2222.0], [2856.0, 2230.0]], "group_id": {}, "shape_type": "rectangle", "score": 0.7275390625, "flags": {}}, {"label": "dianzhuang", "points": [[3366.0, 2542.0], [3374.0, 2550.0]], "group_id": {}, "shape_type": "rectangle", "score": 0.72998046875, "flags": {}}, {"label": "dianzhuang", "points": [[662.0, 2034.0], [668.0, 2040.0]], "group_id": {}, "shape_type": "rectangle", "score": 0.73046875, "flags": {}}, {"label": "dianzhuang", "points": [[377.0, 806.0], [385.0, 813.0]], "group_id": {}, "shape_type": "rectangle", "score": 0.73046875, "flags": {}}, {"label": "dianzhuang", "points": [[899.0, 568.0], [908.0, 578.0]], "group_id": {}, "shape_type": "rectangle", "score": 0.73046875, "flags": {}}, {"label": "dianzhuang", "points": [[1556.0, 3058.0], [1564.0, 3066.0]], "group_id": {}, "shape_type": "rectangle", "score": 0.73193359375, "flags": {}}, {"label": "dianzhuang", "points": [[631.0, 1413.0], [639.0, 1421.0]], "group_id": {}, "shape_type": "rectangle", "score": 0.73193359375, "flags": {}}, {"label": "dianzhuang", "points": [[544.0, 1184.0], [551.0, 1192.0]], "group_id": {}, "shape_type": "rectangle", "score": 0.7333984375, "flags": {}}, {"label": "dianzhuang", "points": [[782.0, 2138.0], [790.0, 2146.0]], "group_id": {}, "shape_type": "rectangle", "score": 0.7353515625, "flags": {}}, {"label": "dianzhuang", "points": [[2724.0, 121.0], [2736.0, 131.0]], "group_id": {}, "shape_type": "rectangle", "score": 0.7353515625, "flags": {}}, {"label": "dianzhuang", "points": [[1850.0, 3070.0], [1858.0, 3078.0]], "group_id": {}, "shape_type": "rectangle", "score": 0.73681640625, "flags": {}}, {"label": "dianzhuang", "points": [[1330.0, 465.0], [1338.0, 473.0]], "group_id": {}, "shape_type": "rectangle", "score": 0.73681640625, "flags": {}}, {"label": "dianzhuang", "points": [[890.0, 2280.0], [898.0, 2288.0]], "group_id": {}, "shape_type": "rectangle", "score": 0.73681640625, "flags": {}}, {"label": "dianzhuang", "points": [[1278.0, 2366.0], [1286.0, 2374.0]], "group_id": {}, "shape_type": "rectangle", "score": 0.73828125, "flags": {}}, {"label": "dianzhuang", "points": [[3164.0, 2592.0], [3172.0, 2600.0]], "group_id": {}, "shape_type": "rectangle", "score": 0.73974609375, "flags": {}}, {"label": "dianzhuang", "points": [[331.0, 2684.0], [338.0, 2692.0]], "group_id": {}, "shape_type": "rectangle", "score": 0.73974609375, "flags": {}}, {"label": "dianzhuang", "points": [[3074.0, 1800.0], [3090.0, 1810.0]], "group_id": {}, "shape_type": "rectangle", "score": 0.74072265625, "flags": {}}, {"label": "dianzhuang", "points": [[310.0, 1090.0], [318.0, 1098.0]], "group_id": {}, "shape_type": "rectangle", "score": 0.7412109375, "flags": {}}, {"label": "dianzhuang", "points": [[530.0, 1103.0], [536.0, 1109.0]], "group_id": {}, "shape_type": "rectangle", "score": 0.7412109375, "flags": {}}, {"label": "dianzhuang", "points": [[3076.0, 576.0], [3084.0, 584.0]], "group_id": {}, "shape_type": "rectangle", "score": 0.74267578125, "flags": {}}, {"label": "dianzhuang", "points": [[282.0, 1562.0], [289.0, 1570.0]], "group_id": {}, "shape_type": "rectangle", "score": 0.74267578125, "flags": {}}, {"label": "dianzhuang", "points": [[696.0, 2894.0], [702.0, 2902.0]], "group_id": {}, "shape_type": "rectangle", "score": 0.74267578125, "flags": {}}, {"label": "zangwu", "points": [[2744.0, 1506.0], [2816.0, 1842.0]], "group_id": {}, "shape_type": "rectangle", "score": 0.7451171875, "flags": {}}, {"label": "dianzhuang", "points": [[2454.0, 2244.0], [2462.0, 2252.0]], "group_id": {}, "shape_type": "rectangle", "score": 0.74951171875, "flags": {}}, {"label": "dianzhuang", "points": [[938.0, 2336.0], [946.0, 2344.0]], "group_id": {}, "shape_type": "rectangle", "score": 0.75, "flags": {}}, {"label": "dianzhuang", "points": [[3050.0, 2262.0], [3058.0, 2270.0]], "group_id": {}, "shape_type": "rectangle", "score": 0.7509765625, "flags": {}}, {"label": "dianzhuang", "points": [[1472.0, 1576.0], [1478.0, 1582.0]], "group_id": {}, "shape_type": "rectangle", "score": 0.7509765625, "flags": {}}, {"label": "dianzhuang", "points": [[173.0, 1436.0], [180.0, 1442.0]], "group_id": {}, "shape_type": "rectangle", "score": 0.75244140625, "flags": {}}, {"label": "dianzhuang", "points": [[2164.0, 41.0], [2172.0, 49.0]], "group_id": {}, "shape_type": "rectangle", "score": 0.7529296875, "flags": {}}, {"label": "dianzhuang", "points": [[50.0, 2618.0], [59.0, 2626.0]], "group_id": {}, "shape_type": "rectangle", "score": 0.7529296875, "flags": {}}, {"label": "dianzhuang", "points": [[574.0, 1356.0], [582.0, 1364.0]], "group_id": {}, "shape_type": "rectangle", "score": 0.75390625, "flags": {}}, {"label": "dianzhuang", "points": [[2512.0, 512.0], [2520.0, 520.0]], "group_id": {}, "shape_type": "rectangle", "score": 0.75390625, "flags": {}}, {"label": "dianzhuang", "points": [[2644.0, 294.0], [2652.0, 302.0]], "group_id": {}, "shape_type": "rectangle", "score": 0.75390625, "flags": {}}, {"label": "dianzhuang", "points": [[1929.0, 3160.0], [1937.0, 3168.0]], "group_id": {}, "shape_type": "rectangle", "score": 0.75537109375, "flags": {}}, {"label": "dianzhuang", "points": [[632.0, 2702.0], [638.0, 2710.0]], "group_id": {}, "shape_type": "rectangle", "score": 0.755859375, "flags": {}}, {"label": "dianzhuang", "points": [[661.0, 1639.0], [669.0, 1649.0]], "group_id": {}, "shape_type": "rectangle", "score": 0.7568359375, "flags": {}}, {"label": "dianzhuang", "points": [[3130.0, 932.0], [3138.0, 940.0]], "group_id": {}, "shape_type": "rectangle", "score": 0.75830078125, "flags": {}}, {"label": "dianzhuang", "points": [[1241.0, 3118.0], [1249.0, 3126.0]], "group_id": {}, "shape_type": "rectangle", "score": 0.759765625, "flags": {}}, {"label": "dianzhuang", "points": [[687.0, 2108.0], [694.0, 2116.0]], "group_id": {}, "shape_type": "rectangle", "score": 0.759765625, "flags": {}}, {"label": "dianzhuang", "points": [[772.0, 2148.0], [779.0, 2156.0]], "group_id": {}, "shape_type": "rectangle", "score": 0.759765625, "flags": {}}, {"label": "dianzhuang", "points": [[3028.0, 377.0], [3036.0, 384.0]], "group_id": {}, "shape_type": "rectangle", "score": 0.76123046875, "flags": {}}, {"label": "dianzhuang", "points": [[2026.0, 3152.0], [2034.0, 3160.0]], "group_id": {}, "shape_type": "rectangle", "score": 0.76171875, "flags": {}}, {"label": "dianzhuang", "points": [[592.0, 2836.0], [602.0, 2844.0]], "group_id": {}, "shape_type": "rectangle", "score": 0.76171875, "flags": {}}, {"label": "dianzhuang", "points": [[867.0, 1589.0], [874.0, 1597.0]], "group_id": {}, "shape_type": "rectangle", "score": 0.7626953125, "flags": {}}, {"label": "dianzhuang", "points": [[2096.0, 3104.0], [2104.0, 3112.0]], "group_id": {}, "shape_type": "rectangle", "score": 0.76318359375, "flags": {}}, {"label": "dianzhuang", "points": [[2102.0, 2342.0], [2110.0, 2350.0]], "group_id": {}, "shape_type": "rectangle", "score": 0.763671875, "flags": {}}, {"label": "dianzhuang", "points": [[1518.0, 1557.0], [1526.0, 1565.0]], "group_id": {}, "shape_type": "rectangle", "score": 0.76513671875, "flags": {}}, {"label": "dianzhuang", "points": [[61.0, 1345.0], [68.0, 1353.0]], "group_id": {}, "shape_type": "rectangle", "score": 0.76513671875, "flags": {}}, {"label": "dianzhuang", "points": [[545.0, 1379.0], [552.0, 1385.0]], "group_id": {}, "shape_type": "rectangle", "score": 0.76513671875, "flags": {}}, {"label": "dianzhuang", "points": [[3162.0, 2612.0], [3170.0, 2620.0]], "group_id": {}, "shape_type": "rectangle", "score": 0.76513671875, "flags": {}}, {"label": "dianzhuang", "points": [[756.0, 2582.0], [764.0, 2590.0]], "group_id": {}, "shape_type": "rectangle", "score": 0.76513671875, "flags": {}}, {"label": "dianzhuang", "points": [[1450.0, 1765.0], [1468.0, 1775.0]], "group_id": {}, "shape_type": "rectangle", "score": 0.76513671875, "flags": {}}, {"label": "dianzhuang", "points": [[2460.0, 3092.0], [2468.0, 3100.0]], "group_id": {}, "shape_type": "rectangle", "score": 0.76708984375, "flags": {}}, {"label": "dianzhuang", "points": [[646.0, 1724.0], [654.0, 1730.0]], "group_id": {}, "shape_type": "rectangle", "score": 0.76708984375, "flags": {}}, {"label": "dianzhuang", "points": [[2009.0, 1571.0], [2015.0, 1577.0]], "group_id": {}, "shape_type": "rectangle", "score": 0.7685546875, "flags": {}}, {"label": "zangwu", "points": [[2212.0, 2866.0], [2256.0, 2894.0]], "group_id": {}, "shape_type": "rectangle", "score": 0.7685546875, "flags": {}}, {"label": "dianzhuang", "points": [[1121.0, 647.0], [1133.0, 658.0]], "group_id": {}, "shape_type": "rectangle", "score": 0.77001953125, "flags": {}}, {"label": "dianzhuang", "points": [[640.0, 1375.0], [648.0, 1383.0]], "group_id": {}, "shape_type": "rectangle", "score": 0.77001953125, "flags": {}}, {"label": "dianzhuang", "points": [[508.0, 2806.0], [517.0, 2814.0]], "group_id": {}, "shape_type": "rectangle", "score": 0.77001953125, "flags": {}}, {"label": "dianzhuang", "points": [[728.0, 968.0], [736.0, 974.0]], "group_id": {}, "shape_type": "rectangle", "score": 0.77099609375, "flags": {}}, {"label": "dianzhuang", "points": [[934.0, 2106.0], [940.0, 2114.0]], "group_id": {}, "shape_type": "rectangle", "score": 0.77099609375, "flags": {}}, {"label": "dianzhuang", "points": [[2972.0, 1763.0], [2988.0, 1781.0]], "group_id": {}, "shape_type": "rectangle", "score": 0.77099609375, "flags": {}}, {"label": "dianzhuang", "points": [[902.0, 634.0], [912.0, 642.0]], "group_id": {}, "shape_type": "rectangle", "score": 0.771484375, "flags": {}}, {"label": "dianzhuang", "points": [[1869.0, 2398.0], [1877.0, 2406.0]], "group_id": {}, "shape_type": "rectangle", "score": 0.771484375, "flags": {}}, {"label": "dianzhuang", "points": [[3386.0, 3076.0], [3394.0, 3084.0]], "group_id": {}, "shape_type": "rectangle", "score": 0.7724609375, "flags": {}}, {"label": "dianzhuang", "points": [[958.0, 1730.0], [966.0, 1738.0]], "group_id": {}, "shape_type": "rectangle", "score": 0.77294921875, "flags": {}}, {"label": "dianzhuang", "points": [[2130.0, 3112.0], [2138.0, 3120.0]], "group_id": {}, "shape_type": "rectangle", "score": 0.7734375, "flags": {}}, {"label": "dianzhuang", "points": [[610.0, 2520.0], [617.0, 2528.0]], "group_id": {}, "shape_type": "rectangle", "score": 0.77392578125, "flags": {}}, {"label": "dianzhuang", "points": [[14.0, 1280.0], [24.0, 1290.0]], "group_id": {}, "shape_type": "rectangle", "score": 0.775390625, "flags": {}}, {"label": "dianzhuang", "points": [[1209.0, 2174.0], [1217.0, 2182.0]], "group_id": {}, "shape_type": "rectangle", "score": 0.7763671875, "flags": {}}, {"label": "dianzhuang", "points": [[644.0, 1858.0], [650.0, 1866.0]], "group_id": {}, "shape_type": "rectangle", "score": 0.77685546875, "flags": {}}, {"label": "dianzhuang", "points": [[491.0, 1838.0], [498.0, 1846.0]], "group_id": {}, "shape_type": "rectangle", "score": 0.77685546875, "flags": {}}, {"label": "dianzhuang", "points": [[1791.0, 3116.0], [1799.0, 3124.0]], "group_id": {}, "shape_type": "rectangle", "score": 0.77685546875, "flags": {}}, {"label": "dianzhuang", "points": [[85.0, 1787.0], [94.0, 1795.0]], "group_id": {}, "shape_type": "rectangle", "score": 0.77685546875, "flags": {}}, {"label": "dianzhuang", "points": [[1419.0, 1412.0], [1435.0, 1426.0]], "group_id": {}, "shape_type": "rectangle", "score": 0.7783203125, "flags": {}}, {"label": "dianzhuang", "points": [[1366.0, 2964.0], [1376.0, 2976.0]], "group_id": {}, "shape_type": "rectangle", "score": 0.779296875, "flags": {}}, {"label": "dianzhuang", "points": [[3134.0, 2294.0], [3142.0, 2302.0]], "group_id": {}, "shape_type": "rectangle", "score": 0.78076171875, "flags": {}}, {"label": "dianzhuang", "points": [[1339.0, 2918.0], [1345.0, 2926.0]], "group_id": {}, "shape_type": "rectangle", "score": 0.78076171875, "flags": {}}, {"label": "dianzhuang", "points": [[538.0, 2528.0], [546.0, 2536.0]], "group_id": {}, "shape_type": "rectangle", "score": 0.78076171875, "flags": {}}, {"label": "dianzhuang", "points": [[734.0, 2440.0], [741.0, 2448.0]], "group_id": {}, "shape_type": "rectangle", "score": 0.78173828125, "flags": {}}, {"label": "dianzhuang", "points": [[1142.0, 2904.0], [1150.0, 2912.0]], "group_id": {}, "shape_type": "rectangle", "score": 0.78173828125, "flags": {}}, {"label": "dianzhuang", "points": [[1080.0, 2544.0], [1088.0, 2552.0]], "group_id": {}, "shape_type": "rectangle", "score": 0.7822265625, "flags": {}}, {"label": "dianzhuang", "points": [[361.0, 675.0], [369.0, 683.0]], "group_id": {}, "shape_type": "rectangle", "score": 0.7822265625, "flags": {}}, {"label": "dianzhuang", "points": [[3702.0, 2378.0], [3710.0, 2386.0]], "group_id": {}, "shape_type": "rectangle", "score": 0.7822265625, "flags": {}}, {"label": "dianzhuang", "points": [[742.0, 1891.0], [750.0, 1899.0]], "group_id": {}, "shape_type": "rectangle", "score": 0.783203125, "flags": {}}, {"label": "dianzhuang", "points": [[958.0, 1543.0], [974.0, 1557.0]], "group_id": {}, "shape_type": "rectangle", "score": 0.783203125, "flags": {}}, {"label": "dianzhuang", "points": [[2468.0, 326.0], [2476.0, 333.0]], "group_id": {}, "shape_type": "rectangle", "score": 0.78369140625, "flags": {}}, {"label": "dianzhuang", "points": [[3100.0, 1408.0], [3112.0, 1418.0]], "group_id": {}, "shape_type": "rectangle", "score": 0.7841796875, "flags": {}}, {"label": "dianzhuang", "points": [[3492.0, 2806.0], [3500.0, 2814.0]], "group_id": {}, "shape_type": "rectangle", "score": 0.7841796875, "flags": {}}, {"label": "dianzhuang", "points": [[3660.0, 2794.0], [3668.0, 2802.0]], "group_id": {}, "shape_type": "rectangle", "score": 0.78564453125, "flags": {}}, {"label": "dianzhuang", "points": [[690.0, 1246.0], [698.0, 1254.0]], "group_id": {}, "shape_type": "rectangle", "score": 0.7861328125, "flags": {}}, {"label": "dianzhuang", "points": [[3592.0, 1352.0], [3600.0, 1358.0]], "group_id": {}, "shape_type": "rectangle", "score": 0.7861328125, "flags": {}}, {"label": "dianzhuang", "points": [[514.0, 2458.0], [520.0, 2466.0]], "group_id": {}, "shape_type": "rectangle", "score": 0.7880859375, "flags": {}}, {"label": "dianzhuang", "points": [[229.0, 1345.0], [239.0, 1355.0]], "group_id": {}, "shape_type": "rectangle", "score": 0.78857421875, "flags": {}}, {"label": "dianzhuang", "points": [[1004.0, 2664.0], [1014.0, 2672.0]], "group_id": {}, "shape_type": "rectangle", "score": 0.79150390625, "flags": {}}, {"label": "dianzhuang", "points": [[492.0, 1411.0], [502.0, 1419.0]], "group_id": {}, "shape_type": "rectangle", "score": 0.79150390625, "flags": {}}, {"label": "dianzhuang", "points": [[2890.0, 123.0], [2898.0, 130.0]], "group_id": {}, "shape_type": "rectangle", "score": 0.7919921875, "flags": {}}, {"label": "dianzhuang", "points": [[239.0, 1039.0], [247.0, 1047.0]], "group_id": {}, "shape_type": "rectangle", "score": 0.79248046875, "flags": {}}, {"label": "dianzhuang", "points": [[743.0, 458.0], [751.0, 465.0]], "group_id": {}, "shape_type": "rectangle", "score": 0.79248046875, "flags": {}}, {"label": "dianzhuang", "points": [[3468.0, 2962.0], [3476.0, 2970.0]], "group_id": {}, "shape_type": "rectangle", "score": 0.79345703125, "flags": {}}, {"label": "dianzhuang", "points": [[370.0, 776.0], [377.0, 784.0]], "group_id": {}, "shape_type": "rectangle", "score": 0.7939453125, "flags": {}}, {"label": "dianzhuang", "points": [[442.0, 2708.0], [450.0, 2716.0]], "group_id": {}, "shape_type": "rectangle", "score": 0.794921875, "flags": {}}, {"label": "dianzhuang", "points": [[3576.0, 1018.0], [3584.0, 1026.0]], "group_id": {}, "shape_type": "rectangle", "score": 0.79541015625, "flags": {}}, {"label": "dianzhuang", "points": [[3610.0, 1308.0], [3618.0, 1316.0]], "group_id": {}, "shape_type": "rectangle", "score": 0.79541015625, "flags": {}}, {"label": "dianzhuang", "points": [[59.0, 2662.0], [70.0, 2674.0]], "group_id": {}, "shape_type": "rectangle", "score": 0.79638671875, "flags": {}}, {"label": "dianzhuang", "points": [[948.0, 530.0], [960.0, 541.0]], "group_id": {}, "shape_type": "rectangle", "score": 0.79833984375, "flags": {}}, {"label": "dianzhuang", "points": [[902.0, 2288.0], [910.0, 2296.0]], "group_id": {}, "shape_type": "rectangle", "score": 0.798828125, "flags": {}}, {"label": "dianzhuang", "points": [[1433.0, 1472.0], [1441.0, 1480.0]], "group_id": {}, "shape_type": "rectangle", "score": 0.7998046875, "flags": {}}, {"label": "dianzhuang", "points": [[3586.0, 954.0], [3594.0, 961.0]], "group_id": {}, "shape_type": "rectangle", "score": 0.7998046875, "flags": {}}, {"label": "dianzhuang", "points": [[3436.0, 1042.0], [3444.0, 1050.0]], "group_id": {}, "shape_type": "rectangle", "score": 0.7998046875, "flags": {}}, {"label": "dianzhuang", "points": [[476.0, 1978.0], [484.0, 1986.0]], "group_id": {}, "shape_type": "rectangle", "score": 0.80078125, "flags": {}}, {"label": "dianzhuang", "points": [[1422.0, 900.0], [1430.0, 908.0]], "group_id": {}, "shape_type": "rectangle", "score": 0.80126953125, "flags": {}}, {"label": "dianzhuang", "points": [[3456.0, 2744.0], [3464.0, 2752.0]], "group_id": {}, "shape_type": "rectangle", "score": 0.80224609375, "flags": {}}, {"label": "dianzhuang", "points": [[1308.0, 2932.0], [1318.0, 2944.0]], "group_id": {}, "shape_type": "rectangle", "score": 0.80322265625, "flags": {}}, {"label": "dianzhuang", "points": [[90.0, 2716.0], [99.0, 2724.0]], "group_id": {}, "shape_type": "rectangle", "score": 0.8056640625, "flags": {}}, {"label": "dianzhuang", "points": [[2788.0, 78.0], [2800.0, 88.0]], "group_id": {}, "shape_type": "rectangle", "score": 0.8076171875, "flags": {}}, {"label": "dianzhuang", "points": [[220.0, 310.0], [230.0, 320.0]], "group_id": {}, "shape_type": "rectangle", "score": 0.80810546875, "flags": {}}, {"label": "dianzhuang", "points": [[2562.0, 1018.0], [2570.0, 1025.0]], "group_id": {}, "shape_type": "rectangle", "score": 0.80859375, "flags": {}}, {"label": "dianzhuang", "points": [[304.0, 2984.0], [312.0, 2992.0]], "group_id": {}, "shape_type": "rectangle", "score": 0.80859375, "flags": {}}, {"label": "dianzhuang", "points": [[2094.0, 1211.0], [2102.0, 1221.0]], "group_id": {}, "shape_type": "rectangle", "score": 0.8203125, "flags": {}}, {"label": "dianzhuang", "points": [[3744.0, 1564.0], [3756.0, 1576.0]], "group_id": {}, "shape_type": "rectangle", "score": 0.8212890625, "flags": {}}, {"label": "dianzhuang", "points": [[2358.0, 206.0], [2366.0, 214.0]], "group_id": {}, "shape_type": "rectangle", "score": 0.82177734375, "flags": {}}, {"label": "zangwu", "points": [[1900.0, 902.0], [1936.0, 940.0]], "group_id": {}, "shape_type": "rectangle", "score": 0.82275390625, "flags": {}}, {"label": "dianzhuang", "points": [[1700.0, 3134.0], [1710.0, 3146.0]], "group_id": {}, "shape_type": "rectangle", "score": 0.8232421875, "flags": {}}, {"label": "dianzhuang", "points": [[554.0, 801.0], [574.0, 812.0]], "group_id": {}, "shape_type": "rectangle", "score": 0.8251953125, "flags": {}}, {"label": "dianzhuang", "points": [[3238.0, 2300.0], [3250.0, 2312.0]], "group_id": {}, "shape_type": "rectangle", "score": 0.82568359375, "flags": {}}, {"label": "dianzhuang", "points": [[474.0, 1469.0], [482.0, 1477.0]], "group_id": {}, "shape_type": "rectangle", "score": 0.826171875, "flags": {}}, {"label": "dianzhuang", "points": [[1996.0, 1629.0], [2006.0, 1637.0]], "group_id": {}, "shape_type": "rectangle", "score": 0.8271484375, "flags": {}}, {"label": "dianzhuang", "points": [[1555.0, 1989.0], [1565.0, 1999.0]], "group_id": {}, "shape_type": "rectangle", "score": 0.82861328125, "flags": {}}, {"label": "dianzhuang", "points": [[210.0, 1917.0], [230.0, 1933.0]], "group_id": {}, "shape_type": "rectangle", "score": 0.841796875, "flags": {}}, {"label": "dianzhuang", "points": [[522.0, 661.0], [534.0, 673.0]], "group_id": {}, "shape_type": "rectangle", "score": 0.841796875, "flags": {}}, {"label": "dianzhuang", "points": [[371.0, 982.0], [384.0, 995.0]], "group_id": {}, "shape_type": "rectangle", "score": 0.8505859375, "flags": {}}, {"label": "dianzhuang", "points": [[3354.0, 2808.0], [3366.0, 2820.0]], "group_id": {}, "shape_type": "rectangle", "score": 0.87060546875, "flags": {}}, {"label": "dianzhuang", "points": [[610.0, 1966.0], [624.0, 1986.0]], "group_id": {}, "shape_type": "rectangle", "score": 0.8798828125, "flags": {}}, {"label": "dianzhuang", "points": [[2600.0, 2812.0], [2616.0, 2828.0]], "group_id": {}, "shape_type": "rectangle", "score": 0.8994140625, "flags": {}}, {"label": "dianzhuang", "points": [[3420.0, 2764.0], [3444.0, 2784.0]], "group_id": {}, "shape_type": "rectangle", "score": 0.904296875, "flags": {}}, {"label": "dianzhuang", "points": [[805.0, 2072.0], [837.0, 2112.0]], "group_id": {}, "shape_type": "rectangle", "score": 0.9248046875, "flags": {}}, {"label": "zangwu", "points": [[3460.0, 1888.0], [3500.0, 1938.0]], "group_id": {}, "shape_type": "rectangle", "score": 0.93603515625, "flags": {}}], "imagePath": "3702-0010-01.jpg", "imageData": null, "imageHeight": 3200, "imageWidth": 3800}