{"version": "4.2.10", "flags": {}, "shapes": [{"label": "cashang", "points": [[1270.0, 197.0], [1372.0, 290.0]], "group_id": {}, "shape_type": "rectangle", "score": 0.7685546875, "flags": {}}, {"label": "dianzhuang", "points": [[865.0, 59.0], [873.0, 68.0]], "group_id": {}, "shape_type": "rectangle", "score": 0.65087890625, "flags": {}}, {"label": "dianzhuang", "points": [[1385.0, 2250.0], [1391.0, 2258.0]], "group_id": {}, "shape_type": "rectangle", "score": 0.6708984375, "flags": {}}, {"label": "dianzhuang", "points": [[1202.0, 420.0], [1208.0, 427.0]], "group_id": {}, "shape_type": "rectangle", "score": 0.6728515625, "flags": {}}, {"label": "dianzhuang", "points": [[1977.0, 2252.0], [1985.0, 2260.0]], "group_id": {}, "shape_type": "rectangle", "score": 0.67431640625, "flags": {}}, {"label": "dianzhuang", "points": [[2170.0, 2314.0], [2178.0, 2322.0]], "group_id": {}, "shape_type": "rectangle", "score": 0.67626953125, "flags": {}}, {"label": "dianzhuang", "points": [[2714.0, 241.0], [2722.0, 248.0]], "group_id": {}, "shape_type": "rectangle", "score": 0.68896484375, "flags": {}}, {"label": "dianzhuang", "points": [[2970.0, 2494.0], [2978.0, 2502.0]], "group_id": {}, "shape_type": "rectangle", "score": 0.6904296875, "flags": {}}, {"label": "dianzhuang", "points": [[2676.0, 2324.0], [2688.0, 2336.0]], "group_id": {}, "shape_type": "rectangle", "score": 0.6953125, "flags": {}}, {"label": "dianzhuang", "points": [[1943.0, 2118.0], [1949.0, 2126.0]], "group_id": {}, "shape_type": "rectangle", "score": 0.697265625, "flags": {}}, {"label": "dianzhuang", "points": [[2100.0, 412.0], [2108.0, 419.0]], "group_id": {}, "shape_type": "rectangle", "score": 0.7001953125, "flags": {}}, {"label": "dianzhuang", "points": [[1572.0, 1874.0], [1578.0, 1880.0]], "group_id": {}, "shape_type": "rectangle", "score": 0.7001953125, "flags": {}}, {"label": "zangwu", "points": [[1351.0, 3062.0], [1497.0, 3162.0]], "group_id": {}, "shape_type": "rectangle", "score": 0.7001953125, "flags": {}}, {"label": "dianzhuang", "points": [[2192.0, 3072.0], [2200.0, 3080.0]], "group_id": {}, "shape_type": "rectangle", "score": 0.7021484375, "flags": {}}, {"label": "dianzhuang", "points": [[1241.0, 2064.0], [1249.0, 2072.0]], "group_id": {}, "shape_type": "rectangle", "score": 0.7119140625, "flags": {}}, {"label": "dianzhuang", "points": [[3372.0, 1202.0], [3380.0, 1208.0]], "group_id": {}, "shape_type": "rectangle", "score": 0.71337890625, "flags": {}}, {"label": "dianzhuang", "points": [[3036.0, 2082.0], [3044.0, 2090.0]], "group_id": {}, "shape_type": "rectangle", "score": 0.71435546875, "flags": {}}, {"label": "dianzhuang", "points": [[3224.0, 1613.0], [3232.0, 1619.0]], "group_id": {}, "shape_type": "rectangle", "score": 0.72119140625, "flags": {}}, {"label": "dianzhuang", "points": [[890.0, 2090.0], [898.0, 2098.0]], "group_id": {}, "shape_type": "rectangle", "score": 0.72607421875, "flags": {}}, {"label": "dianzhuang", "points": [[1165.0, 2378.0], [1177.0, 2390.0]], "group_id": {}, "shape_type": "rectangle", "score": 0.72607421875, "flags": {}}, {"label": "dianzhuang", "points": [[2436.0, 2066.0], [2444.0, 2074.0]], "group_id": {}, "shape_type": "rectangle", "score": 0.72607421875, "flags": {}}, {"label": "dianzhuang", "points": [[3180.0, 1512.0], [3188.0, 1518.0]], "group_id": {}, "shape_type": "rectangle", "score": 0.7275390625, "flags": {}}, {"label": "dianzhuang", "points": [[2646.0, 1580.0], [2654.0, 1586.0]], "group_id": {}, "shape_type": "rectangle", "score": 0.7275390625, "flags": {}}, {"label": "dianzhuang", "points": [[2706.0, 1377.0], [2714.0, 1383.0]], "group_id": {}, "shape_type": "rectangle", "score": 0.72900390625, "flags": {}}, {"label": "dianzhuang", "points": [[3218.0, 1407.0], [3226.0, 1413.0]], "group_id": {}, "shape_type": "rectangle", "score": 0.72900390625, "flags": {}}, {"label": "dianzhuang", "points": [[1196.0, 758.0], [1202.0, 764.0]], "group_id": {}, "shape_type": "rectangle", "score": 0.73193359375, "flags": {}}, {"label": "dianzhuang", "points": [[3226.0, 2588.0], [3234.0, 2596.0]], "group_id": {}, "shape_type": "rectangle", "score": 0.73681640625, "flags": {}}, {"label": "dianzhuang", "points": [[3272.0, 1682.0], [3280.0, 1688.0]], "group_id": {}, "shape_type": "rectangle", "score": 0.73681640625, "flags": {}}, {"label": "dianzhuang", "points": [[2312.0, 2132.0], [2320.0, 2140.0]], "group_id": {}, "shape_type": "rectangle", "score": 0.73974609375, "flags": {}}, {"label": "dianzhuang", "points": [[3000.0, 2074.0], [3008.0, 2082.0]], "group_id": {}, "shape_type": "rectangle", "score": 0.744140625, "flags": {}}, {"label": "dianzhuang", "points": [[2868.0, 1269.0], [2876.0, 1275.0]], "group_id": {}, "shape_type": "rectangle", "score": 0.74560546875, "flags": {}}, {"label": "dianzhuang", "points": [[1538.0, 678.0], [1544.0, 684.0]], "group_id": {}, "shape_type": "rectangle", "score": 0.74560546875, "flags": {}}, {"label": "dianzhuang", "points": [[1815.0, 585.0], [1821.0, 591.0]], "group_id": {}, "shape_type": "rectangle", "score": 0.74560546875, "flags": {}}, {"label": "dianzhuang", "points": [[3790.0, 388.0], [3800.0, 412.0]], "group_id": {}, "shape_type": "rectangle", "score": 0.7470703125, "flags": {}}, {"label": "dianzhuang", "points": [[2662.0, 1564.0], [2670.0, 1570.0]], "group_id": {}, "shape_type": "rectangle", "score": 0.75146484375, "flags": {}}, {"label": "dianzhuang", "points": [[3204.0, 1850.0], [3212.0, 1856.0]], "group_id": {}, "shape_type": "rectangle", "score": 0.75244140625, "flags": {}}, {"label": "dianzhuang", "points": [[1178.0, 2016.0], [1186.0, 2024.0]], "group_id": {}, "shape_type": "rectangle", "score": 0.7529296875, "flags": {}}, {"label": "dianzhuang", "points": [[1703.0, 448.0], [1711.0, 455.0]], "group_id": {}, "shape_type": "rectangle", "score": 0.755859375, "flags": {}}, {"label": "dianzhuang", "points": [[2132.0, 500.0], [2144.0, 511.0]], "group_id": {}, "shape_type": "rectangle", "score": 0.7568359375, "flags": {}}, {"label": "dianzhuang", "points": [[1247.0, 3058.0], [1257.0, 3066.0]], "group_id": {}, "shape_type": "rectangle", "score": 0.75732421875, "flags": {}}, {"label": "dianzhuang", "points": [[2902.0, 3064.0], [2910.0, 3072.0]], "group_id": {}, "shape_type": "rectangle", "score": 0.75830078125, "flags": {}}, {"label": "dianzhuang", "points": [[2298.0, 63.0], [2306.0, 70.0]], "group_id": {}, "shape_type": "rectangle", "score": 0.75830078125, "flags": {}}, {"label": "dianzhuang", "points": [[1200.0, 3064.0], [1208.0, 3072.0]], "group_id": {}, "shape_type": "rectangle", "score": 0.7587890625, "flags": {}}, {"label": "dianzhuang", "points": [[450.0, 2764.0], [459.0, 2772.0]], "group_id": {}, "shape_type": "rectangle", "score": 0.759765625, "flags": {}}, {"label": "dianzhuang", "points": [[1618.0, 1912.0], [1624.0, 1918.0]], "group_id": {}, "shape_type": "rectangle", "score": 0.759765625, "flags": {}}, {"label": "dianzhuang", "points": [[1763.0, 2044.0], [1769.0, 2052.0]], "group_id": {}, "shape_type": "rectangle", "score": 0.759765625, "flags": {}}, {"label": "dianzhuang", "points": [[3760.0, 912.0], [3768.0, 918.0]], "group_id": {}, "shape_type": "rectangle", "score": 0.76123046875, "flags": {}}, {"label": "dianzhuang", "points": [[3650.0, 128.0], [3658.0, 135.0]], "group_id": {}, "shape_type": "rectangle", "score": 0.7626953125, "flags": {}}, {"label": "dianzhuang", "points": [[3106.0, 1654.0], [3114.0, 1662.0]], "group_id": {}, "shape_type": "rectangle", "score": 0.763671875, "flags": {}}, {"label": "dianzhuang", "points": [[3662.0, 401.0], [3670.0, 408.0]], "group_id": {}, "shape_type": "rectangle", "score": 0.76513671875, "flags": {}}, {"label": "dianzhuang", "points": [[3644.0, 2580.0], [3652.0, 2588.0]], "group_id": {}, "shape_type": "rectangle", "score": 0.76806640625, "flags": {}}, {"label": "dianzhuang", "points": [[3276.0, 1103.0], [3284.0, 1109.0]], "group_id": {}, "shape_type": "rectangle", "score": 0.76953125, "flags": {}}, {"label": "dianzhuang", "points": [[1668.0, 499.0], [1680.0, 511.0]], "group_id": {}, "shape_type": "rectangle", "score": 0.7724609375, "flags": {}}, {"label": "dianzhuang", "points": [[906.0, 2084.0], [914.0, 2092.0]], "group_id": {}, "shape_type": "rectangle", "score": 0.7724609375, "flags": {}}, {"label": "dianzhuang", "points": [[732.0, 1018.0], [740.0, 1027.0]], "group_id": {}, "shape_type": "rectangle", "score": 0.77294921875, "flags": {}}, {"label": "dianzhuang", "points": [[2754.0, 1396.0], [2762.0, 1402.0]], "group_id": {}, "shape_type": "rectangle", "score": 0.7734375, "flags": {}}, {"label": "dianzhuang", "points": [[2342.0, 2072.0], [2350.0, 2080.0]], "group_id": {}, "shape_type": "rectangle", "score": 0.77490234375, "flags": {}}, {"label": "dianzhuang", "points": [[1569.0, 2526.0], [1577.0, 2534.0]], "group_id": {}, "shape_type": "rectangle", "score": 0.7763671875, "flags": {}}, {"label": "dianzhuang", "points": [[1062.0, 866.0], [1070.0, 874.0]], "group_id": {}, "shape_type": "rectangle", "score": 0.77685546875, "flags": {}}, {"label": "dianzhuang", "points": [[2862.0, 1981.0], [2870.0, 1989.0]], "group_id": {}, "shape_type": "rectangle", "score": 0.77880859375, "flags": {}}, {"label": "dianzhuang", "points": [[1429.0, 951.0], [1435.0, 957.0]], "group_id": {}, "shape_type": "rectangle", "score": 0.7802734375, "flags": {}}, {"label": "dianzhuang", "points": [[3336.0, 2298.0], [3344.0, 2306.0]], "group_id": {}, "shape_type": "rectangle", "score": 0.78369140625, "flags": {}}, {"label": "dianzhuang", "points": [[1357.0, 1255.0], [1363.0, 1261.0]], "group_id": {}, "shape_type": "rectangle", "score": 0.7841796875, "flags": {}}, {"label": "dianzhuang", "points": [[1694.0, 1927.0], [1704.0, 1935.0]], "group_id": {}, "shape_type": "rectangle", "score": 0.78466796875, "flags": {}}, {"label": "dianzhuang", "points": [[3610.0, 948.0], [3618.0, 958.0]], "group_id": {}, "shape_type": "rectangle", "score": 0.7861328125, "flags": {}}, {"label": "dianzhuang", "points": [[529.0, 2058.0], [536.0, 2066.0]], "group_id": {}, "shape_type": "rectangle", "score": 0.7880859375, "flags": {}}, {"label": "dianzhuang", "points": [[1421.0, 1028.0], [1431.0, 1036.0]], "group_id": {}, "shape_type": "rectangle", "score": 0.78955078125, "flags": {}}, {"label": "dianzhuang", "points": [[2998.0, 2506.0], [3006.0, 2514.0]], "group_id": {}, "shape_type": "rectangle", "score": 0.79638671875, "flags": {}}, {"label": "dianzhuang", "points": [[274.0, 1224.0], [284.0, 1234.0]], "group_id": {}, "shape_type": "rectangle", "score": 0.80029296875, "flags": {}}, {"label": "dianzhuang", "points": [[1208.0, 2114.0], [1218.0, 2122.0]], "group_id": {}, "shape_type": "rectangle", "score": 0.8037109375, "flags": {}}, {"label": "dianzhuang", "points": [[2458.0, 668.0], [2470.0, 678.0]], "group_id": {}, "shape_type": "rectangle", "score": 0.82177734375, "flags": {}}, {"label": "dianzhuang", "points": [[2398.0, 1008.0], [2410.0, 1018.0]], "group_id": {}, "shape_type": "rectangle", "score": 0.82373046875, "flags": {}}, {"label": "dianzhuang", "points": [[1568.0, 877.0], [1586.0, 889.0]], "group_id": {}, "shape_type": "rectangle", "score": 0.833984375, "flags": {}}, {"label": "dianzhuang", "points": [[1318.0, 752.0], [1330.0, 764.0]], "group_id": {}, "shape_type": "rectangle", "score": 0.833984375, "flags": {}}, {"label": "dianzhuang", "points": [[3148.0, 1344.0], [3168.0, 1362.0]], "group_id": {}, "shape_type": "rectangle", "score": 0.853515625, "flags": {}}, {"label": "dianzhuang", "points": [[2118.0, 2584.0], [2130.0, 2600.0]], "group_id": {}, "shape_type": "rectangle", "score": 0.85986328125, "flags": {}}, {"label": "dianzhuang", "points": [[30.0, 957.0], [44.0, 980.0]], "group_id": {}, "shape_type": "rectangle", "score": 0.88232421875, "flags": {}}, {"label": "zangwu", "points": [[1272.0, 197.0], [1372.0, 294.0]], "group_id": {}, "shape_type": "rectangle", "score": 0.89990234375, "flags": {}}, {"label": "zangwu", "points": [[2442.0, 2828.0], [2542.0, 2972.0]], "group_id": {}, "shape_type": "rectangle", "score": 0.9501953125, "flags": {}}, {"label": "zangwu", "points": [[2508.0, 188.0], [2596.0, 243.0]], "group_id": {}, "shape_type": "rectangle", "score": 0.951171875, "flags": {}}], "imagePath": "3702-0005-01.jpg", "imageData": null, "imageHeight": 3200, "imageWidth": 3800}