{"version": "4.2.10", "flags": {}, "shapes": [{"label": "cashang", "points": [[886.0, 2848.0], [1130.0, 2960.0]], "group_id": {}, "shape_type": "rectangle", "score": 0.74951171875, "flags": {}}, {"label": "dianzhuang", "points": [[966.0, 2003.0], [974.0, 2011.0]], "group_id": {}, "shape_type": "rectangle", "score": 0.6611328125, "flags": {}}, {"label": "dianzhuang", "points": [[1081.0, 876.0], [1089.0, 884.0]], "group_id": {}, "shape_type": "rectangle", "score": 0.6796875, "flags": {}}, {"label": "dianzhuang", "points": [[1047.0, 1514.0], [1055.0, 1522.0]], "group_id": {}, "shape_type": "rectangle", "score": 0.68017578125, "flags": {}}, {"label": "dianzhuang", "points": [[2628.0, 1496.0], [2636.0, 1502.0]], "group_id": {}, "shape_type": "rectangle", "score": 0.68701171875, "flags": {}}, {"label": "dianzhuang", "points": [[1350.0, 1252.0], [1358.0, 1260.0]], "group_id": {}, "shape_type": "rectangle", "score": 0.6923828125, "flags": {}}, {"label": "dianzhuang", "points": [[2366.0, 1304.0], [2378.0, 1318.0]], "group_id": {}, "shape_type": "rectangle", "score": 0.6923828125, "flags": {}}, {"label": "dianzhuang", "points": [[3784.0, 834.0], [3792.0, 840.0]], "group_id": {}, "shape_type": "rectangle", "score": 0.6923828125, "flags": {}}, {"label": "dianzhuang", "points": [[1294.0, 532.0], [1312.0, 548.0]], "group_id": {}, "shape_type": "rectangle", "score": 0.693359375, "flags": {}}, {"label": "dianzhuang", "points": [[680.0, 1764.0], [686.0, 1772.0]], "group_id": {}, "shape_type": "rectangle", "score": 0.69482421875, "flags": {}}, {"label": "dianzhuang", "points": [[2740.0, 2282.0], [2748.0, 2290.0]], "group_id": {}, "shape_type": "rectangle", "score": 0.71240234375, "flags": {}}, {"label": "dianzhuang", "points": [[1140.0, 735.0], [1148.0, 742.0]], "group_id": {}, "shape_type": "rectangle", "score": 0.71337890625, "flags": {}}, {"label": "dianzhuang", "points": [[1386.0, 2892.0], [1392.0, 2900.0]], "group_id": {}, "shape_type": "rectangle", "score": 0.71435546875, "flags": {}}, {"label": "dianzhuang", "points": [[1756.0, 1283.0], [1762.0, 1289.0]], "group_id": {}, "shape_type": "rectangle", "score": 0.71630859375, "flags": {}}, {"label": "dianzhuang", "points": [[309.0, 648.0], [317.0, 656.0]], "group_id": {}, "shape_type": "rectangle", "score": 0.72265625, "flags": {}}, {"label": "dianzhuang", "points": [[2712.0, 691.0], [2720.0, 698.0]], "group_id": {}, "shape_type": "rectangle", "score": 0.72265625, "flags": {}}, {"label": "dianzhuang", "points": [[3010.0, 2116.0], [3018.0, 2124.0]], "group_id": {}, "shape_type": "rectangle", "score": 0.72412109375, "flags": {}}, {"label": "dianzhuang", "points": [[2704.0, 1089.0], [2712.0, 1097.0]], "group_id": {}, "shape_type": "rectangle", "score": 0.72607421875, "flags": {}}, {"label": "dianzhuang", "points": [[1676.0, 1988.0], [1684.0, 1996.0]], "group_id": {}, "shape_type": "rectangle", "score": 0.72607421875, "flags": {}}, {"label": "dianzhuang", "points": [[3256.0, 2560.0], [3264.0, 2568.0]], "group_id": {}, "shape_type": "rectangle", "score": 0.72900390625, "flags": {}}, {"label": "dianzhuang", "points": [[853.0, 696.0], [861.0, 703.0]], "group_id": {}, "shape_type": "rectangle", "score": 0.73046875, "flags": {}}, {"label": "dianzhuang", "points": [[978.0, 340.0], [985.0, 347.0]], "group_id": {}, "shape_type": "rectangle", "score": 0.73193359375, "flags": {}}, {"label": "dianzhuang", "points": [[1101.0, 458.0], [1109.0, 465.0]], "group_id": {}, "shape_type": "rectangle", "score": 0.7333984375, "flags": {}}, {"label": "dianzhuang", "points": [[1751.0, 905.0], [1757.0, 912.0]], "group_id": {}, "shape_type": "rectangle", "score": 0.7353515625, "flags": {}}, {"label": "dianzhuang", "points": [[1065.0, 1975.0], [1073.0, 1983.0]], "group_id": {}, "shape_type": "rectangle", "score": 0.73828125, "flags": {}}, {"label": "dianzhuang", "points": [[696.0, 1598.0], [702.0, 1604.0]], "group_id": {}, "shape_type": "rectangle", "score": 0.73974609375, "flags": {}}, {"label": "dianzhuang", "points": [[1600.0, 1353.0], [1606.0, 1359.0]], "group_id": {}, "shape_type": "rectangle", "score": 0.7412109375, "flags": {}}, {"label": "dianzhuang", "points": [[1313.0, 412.0], [1321.0, 420.0]], "group_id": {}, "shape_type": "rectangle", "score": 0.744140625, "flags": {}}, {"label": "dianzhuang", "points": [[2274.0, 1161.0], [2282.0, 1169.0]], "group_id": {}, "shape_type": "rectangle", "score": 0.744140625, "flags": {}}, {"label": "dianzhuang", "points": [[328.0, 2466.0], [336.0, 2474.0]], "group_id": {}, "shape_type": "rectangle", "score": 0.74560546875, "flags": {}}, {"label": "dianzhuang", "points": [[402.0, 2114.0], [410.0, 2122.0]], "group_id": {}, "shape_type": "rectangle", "score": 0.7470703125, "flags": {}}, {"label": "dianzhuang", "points": [[1766.0, 1466.0], [1772.0, 1472.0]], "group_id": {}, "shape_type": "rectangle", "score": 0.75244140625, "flags": {}}, {"label": "dianzhuang", "points": [[3520.0, 2666.0], [3528.0, 2674.0]], "group_id": {}, "shape_type": "rectangle", "score": 0.75244140625, "flags": {}}, {"label": "dianzhuang", "points": [[896.0, 594.0], [905.0, 602.0]], "group_id": {}, "shape_type": "rectangle", "score": 0.755859375, "flags": {}}, {"label": "dianzhuang", "points": [[2906.0, 2044.0], [2914.0, 2052.0]], "group_id": {}, "shape_type": "rectangle", "score": 0.759765625, "flags": {}}, {"label": "dianzhuang", "points": [[1354.0, 2920.0], [1360.0, 2928.0]], "group_id": {}, "shape_type": "rectangle", "score": 0.7607421875, "flags": {}}, {"label": "zangwu", "points": [[5.0, 1992.0], [120.0, 2076.0]], "group_id": {}, "shape_type": "rectangle", "score": 0.763671875, "flags": {}}, {"label": "dianzhuang", "points": [[2488.0, 2336.0], [2504.0, 2348.0]], "group_id": {}, "shape_type": "rectangle", "score": 0.7666015625, "flags": {}}, {"label": "dianzhuang", "points": [[3182.0, 2336.0], [3194.0, 2348.0]], "group_id": {}, "shape_type": "rectangle", "score": 0.76806640625, "flags": {}}, {"label": "dianzhuang", "points": [[3258.0, 2212.0], [3266.0, 2220.0]], "group_id": {}, "shape_type": "rectangle", "score": 0.771484375, "flags": {}}, {"label": "dianzhuang", "points": [[1033.0, 1921.0], [1059.0, 1947.0]], "group_id": {}, "shape_type": "rectangle", "score": 0.771484375, "flags": {}}, {"label": "dianzhuang", "points": [[1284.0, 978.0], [1292.0, 986.0]], "group_id": {}, "shape_type": "rectangle", "score": 0.7763671875, "flags": {}}, {"label": "dianzhuang", "points": [[2204.0, 1368.0], [2212.0, 1376.0]], "group_id": {}, "shape_type": "rectangle", "score": 0.77880859375, "flags": {}}, {"label": "dianzhuang", "points": [[3234.0, 1165.0], [3242.0, 1171.0]], "group_id": {}, "shape_type": "rectangle", "score": 0.7802734375, "flags": {}}, {"label": "dianzhuang", "points": [[2198.0, 1089.0], [2206.0, 1097.0]], "group_id": {}, "shape_type": "rectangle", "score": 0.787109375, "flags": {}}, {"label": "dianzhuang", "points": [[1718.0, 1935.0], [1726.0, 1943.0]], "group_id": {}, "shape_type": "rectangle", "score": 0.787109375, "flags": {}}, {"label": "dianzhuang", "points": [[286.0, 3096.0], [295.0, 3104.0]], "group_id": {}, "shape_type": "rectangle", "score": 0.79638671875, "flags": {}}, {"label": "dianzhuang", "points": [[1874.0, 1734.0], [1882.0, 1740.0]], "group_id": {}, "shape_type": "rectangle", "score": 0.79833984375, "flags": {}}, {"label": "dianzhuang", "points": [[1731.0, 1860.0], [1743.0, 1872.0]], "group_id": {}, "shape_type": "rectangle", "score": 0.8359375, "flags": {}}, {"label": "dianzhuang", "points": [[299.0, 1204.0], [311.0, 1218.0]], "group_id": {}, "shape_type": "rectangle", "score": 0.85791015625, "flags": {}}, {"label": "zangwu", "points": [[176.0, 1974.0], [233.0, 2014.0]], "group_id": {}, "shape_type": "rectangle", "score": 0.861328125, "flags": {}}], "imagePath": "3702-0003-01.jpg", "imageData": null, "imageHeight": 3200, "imageWidth": 3800}