{"version": "4.2.10", "flags": {}, "shapes": [{"label": "cashang", "points": [[361.0, 2160.0], [440.0, 2280.0]], "group_id": {}, "shape_type": "rectangle", "score": 0.64697265625, "flags": {}}, {"label": "huashang", "points": [[3352.0, 1266.0], [3388.0, 1362.0]], "group_id": {}, "shape_type": "rectangle", "score": 0.662109375, "flags": {}}, {"label": "huashang", "points": [[482.0, 2380.0], [631.0, 2568.0]], "group_id": {}, "shape_type": "rectangle", "score": 0.70751953125, "flags": {}}, {"label": "huashang", "points": [[1332.0, 436.0], [1392.0, 637.0]], "group_id": {}, "shape_type": "rectangle", "score": 0.81201171875, "flags": {}}, {"label": "dianzhuang", "points": [[1185.0, 2314.0], [1193.0, 2322.0]], "group_id": {}, "shape_type": "rectangle", "score": 0.6640625, "flags": {}}, {"label": "dianzhuang", "points": [[2876.0, 854.0], [2884.0, 862.0]], "group_id": {}, "shape_type": "rectangle", "score": 0.6640625, "flags": {}}, {"label": "dianzhuang", "points": [[2796.0, 2854.0], [2812.0, 2866.0]], "group_id": {}, "shape_type": "rectangle", "score": 0.66796875, "flags": {}}, {"label": "dianzhuang", "points": [[2128.0, 614.0], [2136.0, 624.0]], "group_id": {}, "shape_type": "rectangle", "score": 0.66796875, "flags": {}}, {"label": "dianzhuang", "points": [[3544.0, 95.0], [3552.0, 103.0]], "group_id": {}, "shape_type": "rectangle", "score": 0.67041015625, "flags": {}}, {"label": "dianzhuang", "points": [[2912.0, 1480.0], [2920.0, 1486.0]], "group_id": {}, "shape_type": "rectangle", "score": 0.671875, "flags": {}}, {"label": "dianzhuang", "points": [[3062.0, 1663.0], [3070.0, 1669.0]], "group_id": {}, "shape_type": "rectangle", "score": 0.6787109375, "flags": {}}, {"label": "zangwu", "points": [[315.0, 2758.0], [488.0, 2874.0]], "group_id": {}, "shape_type": "rectangle", "score": 0.68408203125, "flags": {}}, {"label": "dianzhuang", "points": [[2878.0, 75.0], [2886.0, 84.0]], "group_id": {}, "shape_type": "rectangle", "score": 0.685546875, "flags": {}}, {"label": "dianzhuang", "points": [[1838.0, 2766.0], [1846.0, 2774.0]], "group_id": {}, "shape_type": "rectangle", "score": 0.68701171875, "flags": {}}, {"label": "dianzhuang", "points": [[475.0, 542.0], [484.0, 550.0]], "group_id": {}, "shape_type": "rectangle", "score": 0.69873046875, "flags": {}}, {"label": "zangwu", "points": [[3246.0, 1466.0], [3290.0, 1516.0]], "group_id": {}, "shape_type": "rectangle", "score": 0.69970703125, "flags": {}}, {"label": "dianzhuang", "points": [[3766.0, 2506.0], [3774.0, 2514.0]], "group_id": {}, "shape_type": "rectangle", "score": 0.70654296875, "flags": {}}, {"label": "dianzhuang", "points": [[1987.0, 2854.0], [1993.0, 2862.0]], "group_id": {}, "shape_type": "rectangle", "score": 0.7099609375, "flags": {}}, {"label": "dianzhuang", "points": [[720.0, 947.0], [727.0, 954.0]], "group_id": {}, "shape_type": "rectangle", "score": 0.7099609375, "flags": {}}, {"label": "dianzhuang", "points": [[1160.0, 1001.0], [1166.0, 1008.0]], "group_id": {}, "shape_type": "rectangle", "score": 0.71484375, "flags": {}}, {"label": "dianzhuang", "points": [[3092.0, 106.0], [3100.0, 116.0]], "group_id": {}, "shape_type": "rectangle", "score": 0.71484375, "flags": {}}, {"label": "dianzhuang", "points": [[3364.0, 2052.0], [3372.0, 2060.0]], "group_id": {}, "shape_type": "rectangle", "score": 0.71484375, "flags": {}}, {"label": "dianzhuang", "points": [[2238.0, 1898.0], [2246.0, 1904.0]], "group_id": {}, "shape_type": "rectangle", "score": 0.7197265625, "flags": {}}, {"label": "dianzhuang", "points": [[1468.0, 1055.0], [1476.0, 1063.0]], "group_id": {}, "shape_type": "rectangle", "score": 0.7197265625, "flags": {}}, {"label": "dianzhuang", "points": [[3570.0, 636.0], [3578.0, 642.0]], "group_id": {}, "shape_type": "rectangle", "score": 0.7197265625, "flags": {}}, {"label": "dianzhuang", "points": [[2400.0, 1305.0], [2408.0, 1311.0]], "group_id": {}, "shape_type": "rectangle", "score": 0.72607421875, "flags": {}}, {"label": "dianzhuang", "points": [[2024.0, 1765.0], [2030.0, 1771.0]], "group_id": {}, "shape_type": "rectangle", "score": 0.73046875, "flags": {}}, {"label": "dianzhuang", "points": [[2228.0, 3174.0], [2236.0, 3182.0]], "group_id": {}, "shape_type": "rectangle", "score": 0.7333984375, "flags": {}}, {"label": "dianzhuang", "points": [[2928.0, 1763.0], [2936.0, 1769.0]], "group_id": {}, "shape_type": "rectangle", "score": 0.7333984375, "flags": {}}, {"label": "dianzhuang", "points": [[1543.0, 962.0], [1551.0, 970.0]], "group_id": {}, "shape_type": "rectangle", "score": 0.73681640625, "flags": {}}, {"label": "dianzhuang", "points": [[3220.0, 1285.0], [3228.0, 1291.0]], "group_id": {}, "shape_type": "rectangle", "score": 0.73828125, "flags": {}}, {"label": "zangwu", "points": [[3256.0, 2336.0], [3556.0, 2588.0]], "group_id": {}, "shape_type": "rectangle", "score": 0.73974609375, "flags": {}}, {"label": "dianzhuang", "points": [[909.0, 1845.0], [916.0, 1851.0]], "group_id": {}, "shape_type": "rectangle", "score": 0.74658203125, "flags": {}}, {"label": "dianzhuang", "points": [[1349.0, 1393.0], [1357.0, 1399.0]], "group_id": {}, "shape_type": "rectangle", "score": 0.7470703125, "flags": {}}, {"label": "dianzhuang", "points": [[4.0, 1397.0], [12.0, 1405.0]], "group_id": {}, "shape_type": "rectangle", "score": 0.74951171875, "flags": {}}, {"label": "dianzhuang", "points": [[219.0, 2268.0], [227.0, 2276.0]], "group_id": {}, "shape_type": "rectangle", "score": 0.75537109375, "flags": {}}, {"label": "dianzhuang", "points": [[1069.0, 1168.0], [1075.0, 1174.0]], "group_id": {}, "shape_type": "rectangle", "score": 0.7568359375, "flags": {}}, {"label": "dianzhuang", "points": [[3386.0, 2098.0], [3394.0, 2106.0]], "group_id": {}, "shape_type": "rectangle", "score": 0.7587890625, "flags": {}}, {"label": "dianzhuang", "points": [[2086.0, 376.0], [2094.0, 384.0]], "group_id": {}, "shape_type": "rectangle", "score": 0.76123046875, "flags": {}}, {"label": "zangwu", "points": [[3046.0, 1174.0], [3170.0, 1354.0]], "group_id": {}, "shape_type": "rectangle", "score": 0.76123046875, "flags": {}}, {"label": "zangwu", "points": [[2380.0, 359.0], [2460.0, 405.0]], "group_id": {}, "shape_type": "rectangle", "score": 0.7626953125, "flags": {}}, {"label": "dianzhuang", "points": [[315.0, 1047.0], [322.0, 1053.0]], "group_id": {}, "shape_type": "rectangle", "score": 0.76318359375, "flags": {}}, {"label": "dianzhuang", "points": [[1378.0, 2856.0], [1384.0, 2864.0]], "group_id": {}, "shape_type": "rectangle", "score": 0.7666015625, "flags": {}}, {"label": "dianzhuang", "points": [[2274.0, 705.0], [2282.0, 712.0]], "group_id": {}, "shape_type": "rectangle", "score": 0.76708984375, "flags": {}}, {"label": "dianzhuang", "points": [[2878.0, 105.0], [2886.0, 112.0]], "group_id": {}, "shape_type": "rectangle", "score": 0.76953125, "flags": {}}, {"label": "dianzhuang", "points": [[1509.0, 2826.0], [1517.0, 2834.0]], "group_id": {}, "shape_type": "rectangle", "score": 0.76953125, "flags": {}}, {"label": "dianzhuang", "points": [[936.0, 1071.0], [944.0, 1079.0]], "group_id": {}, "shape_type": "rectangle", "score": 0.7763671875, "flags": {}}, {"label": "dianzhuang", "points": [[2596.0, 358.0], [2604.0, 365.0]], "group_id": {}, "shape_type": "rectangle", "score": 0.7841796875, "flags": {}}, {"label": "dianzhuang", "points": [[1052.0, 2634.0], [1060.0, 2642.0]], "group_id": {}, "shape_type": "rectangle", "score": 0.787109375, "flags": {}}, {"label": "dianzhuang", "points": [[778.0, 736.0], [786.0, 744.0]], "group_id": {}, "shape_type": "rectangle", "score": 0.78759765625, "flags": {}}, {"label": "zangwu", "points": [[3610.0, 1215.0], [3650.0, 1263.0]], "group_id": {}, "shape_type": "rectangle", "score": 0.794921875, "flags": {}}, {"label": "dianzhuang", "points": [[3090.0, 133.0], [3098.0, 142.0]], "group_id": {}, "shape_type": "rectangle", "score": 0.794921875, "flags": {}}, {"label": "dianzhuang", "points": [[2902.0, 1513.0], [2910.0, 1521.0]], "group_id": {}, "shape_type": "rectangle", "score": 0.79833984375, "flags": {}}, {"label": "dianzhuang", "points": [[1644.0, 2906.0], [1652.0, 2914.0]], "group_id": {}, "shape_type": "rectangle", "score": 0.798828125, "flags": {}}, {"label": "zangwu", "points": [[2034.0, 432.0], [2066.0, 481.0]], "group_id": {}, "shape_type": "rectangle", "score": 0.80322265625, "flags": {}}, {"label": "dianzhuang", "points": [[2506.0, 370.0], [2514.0, 378.0]], "group_id": {}, "shape_type": "rectangle", "score": 0.8056640625, "flags": {}}, {"label": "dianzhuang", "points": [[3078.0, 662.0], [3090.0, 671.0]], "group_id": {}, "shape_type": "rectangle", "score": 0.80615234375, "flags": {}}, {"label": "dianzhuang", "points": [[932.0, 502.0], [942.0, 511.0]], "group_id": {}, "shape_type": "rectangle", "score": 0.8134765625, "flags": {}}, {"label": "dianzhuang", "points": [[2118.0, 1542.0], [2130.0, 1552.0]], "group_id": {}, "shape_type": "rectangle", "score": 0.8193359375, "flags": {}}, {"label": "dianzhuang", "points": [[456.0, 2694.0], [473.0, 2706.0]], "group_id": {}, "shape_type": "rectangle", "score": 0.83056640625, "flags": {}}, {"label": "zangwu", "points": [[2500.0, 197.0], [2596.0, 272.0]], "group_id": {}, "shape_type": "rectangle", "score": 0.89794921875, "flags": {}}, {"label": "zangwu", "points": [[1302.0, 1637.0], [1376.0, 1701.0]], "group_id": {}, "shape_type": "rectangle", "score": 0.912109375, "flags": {}}], "imagePath": "3702-0006-01.jpg", "imageData": null, "imageHeight": 3200, "imageWidth": 3800}