{"version": "4.2.10", "flags": {}, "shapes": [{"label": "huashang", "points": [[208.0, 2296.0], [250.0, 2324.0]], "group_id": {}, "shape_type": "rectangle", "score": 0.50634765625, "flags": {}}, {"label": "huashang", "points": [[3602.0, 400.0], [3742.0, 470.0]], "group_id": {}, "shape_type": "rectangle", "score": 0.91357421875, "flags": {}}, {"label": "dianzhuang", "points": [[946.0, 68.0], [955.0, 76.0]], "group_id": {}, "shape_type": "rectangle", "score": 0.65869140625, "flags": {}}, {"label": "dianzhuang", "points": [[3570.0, 1308.0], [3582.0, 1318.0]], "group_id": {}, "shape_type": "rectangle", "score": 0.66259765625, "flags": {}}, {"label": "dianzhuang", "points": [[2894.0, 2126.0], [2902.0, 2134.0]], "group_id": {}, "shape_type": "rectangle", "score": 0.6640625, "flags": {}}, {"label": "dianzhuang", "points": [[552.0, 435.0], [558.0, 442.0]], "group_id": {}, "shape_type": "rectangle", "score": 0.6640625, "flags": {}}, {"label": "dianzhuang", "points": [[2035.0, 2642.0], [2046.0, 2654.0]], "group_id": {}, "shape_type": "rectangle", "score": 0.6796875, "flags": {}}, {"label": "zangwu", "points": [[753.0, 2806.0], [860.0, 2850.0]], "group_id": {}, "shape_type": "rectangle", "score": 0.6796875, "flags": {}}, {"label": "dianzhuang", "points": [[1846.0, 2624.0], [1856.0, 2632.0]], "group_id": {}, "shape_type": "rectangle", "score": 0.6845703125, "flags": {}}, {"label": "zangwu", "points": [[2944.0, 2374.0], [3004.0, 2414.0]], "group_id": {}, "shape_type": "rectangle", "score": 0.6884765625, "flags": {}}, {"label": "dianzhuang", "points": [[2108.0, 3012.0], [2116.0, 3020.0]], "group_id": {}, "shape_type": "rectangle", "score": 0.689453125, "flags": {}}, {"label": "dianzhuang", "points": [[631.0, 1094.0], [638.0, 1100.0]], "group_id": {}, "shape_type": "rectangle", "score": 0.69384765625, "flags": {}}, {"label": "dianzhuang", "points": [[1427.0, 818.0], [1437.0, 828.0]], "group_id": {}, "shape_type": "rectangle", "score": 0.705078125, "flags": {}}, {"label": "dianzhuang", "points": [[870.0, 1715.0], [878.0, 1723.0]], "group_id": {}, "shape_type": "rectangle", "score": 0.70849609375, "flags": {}}, {"label": "dianzhuang", "points": [[872.0, 1660.0], [878.0, 1666.0]], "group_id": {}, "shape_type": "rectangle", "score": 0.70849609375, "flags": {}}, {"label": "dianzhuang", "points": [[2940.0, 868.0], [2948.0, 875.0]], "group_id": {}, "shape_type": "rectangle", "score": 0.71337890625, "flags": {}}, {"label": "dianzhuang", "points": [[1660.0, 667.0], [1674.0, 679.0]], "group_id": {}, "shape_type": "rectangle", "score": 0.71337890625, "flags": {}}, {"label": "dianzhuang", "points": [[860.0, 1794.0], [868.0, 1802.0]], "group_id": {}, "shape_type": "rectangle", "score": 0.7158203125, "flags": {}}, {"label": "dianzhuang", "points": [[1566.0, 1776.0], [1572.0, 1782.0]], "group_id": {}, "shape_type": "rectangle", "score": 0.71826171875, "flags": {}}, {"label": "dianzhuang", "points": [[936.0, 825.0], [944.0, 833.0]], "group_id": {}, "shape_type": "rectangle", "score": 0.7275390625, "flags": {}}, {"label": "dianzhuang", "points": [[1348.0, 336.0], [1354.0, 343.0]], "group_id": {}, "shape_type": "rectangle", "score": 0.73046875, "flags": {}}, {"label": "dianzhuang", "points": [[1132.0, 2460.0], [1140.0, 2468.0]], "group_id": {}, "shape_type": "rectangle", "score": 0.73193359375, "flags": {}}, {"label": "dianzhuang", "points": [[3254.0, 976.0], [3262.0, 983.0]], "group_id": {}, "shape_type": "rectangle", "score": 0.73193359375, "flags": {}}, {"label": "dianzhuang", "points": [[2948.0, 2174.0], [2956.0, 2182.0]], "group_id": {}, "shape_type": "rectangle", "score": 0.73291015625, "flags": {}}, {"label": "dianzhuang", "points": [[854.0, 1929.0], [862.0, 1937.0]], "group_id": {}, "shape_type": "rectangle", "score": 0.7353515625, "flags": {}}, {"label": "dianzhuang", "points": [[447.0, 1378.0], [456.0, 1386.0]], "group_id": {}, "shape_type": "rectangle", "score": 0.7412109375, "flags": {}}, {"label": "dianzhuang", "points": [[877.0, 1677.0], [884.0, 1683.0]], "group_id": {}, "shape_type": "rectangle", "score": 0.7412109375, "flags": {}}, {"label": "dianzhuang", "points": [[662.0, 2144.0], [681.0, 2156.0]], "group_id": {}, "shape_type": "rectangle", "score": 0.7421875, "flags": {}}, {"label": "dianzhuang", "points": [[3116.0, 1904.0], [3124.0, 1914.0]], "group_id": {}, "shape_type": "rectangle", "score": 0.744140625, "flags": {}}, {"label": "dianzhuang", "points": [[2170.0, 2228.0], [2178.0, 2236.0]], "group_id": {}, "shape_type": "rectangle", "score": 0.74560546875, "flags": {}}, {"label": "dianzhuang", "points": [[488.0, 1359.0], [496.0, 1367.0]], "group_id": {}, "shape_type": "rectangle", "score": 0.75146484375, "flags": {}}, {"label": "dianzhuang", "points": [[2860.0, 1022.0], [2880.0, 1038.0]], "group_id": {}, "shape_type": "rectangle", "score": 0.7529296875, "flags": {}}, {"label": "dianzhuang", "points": [[1248.0, 596.0], [1254.0, 602.0]], "group_id": {}, "shape_type": "rectangle", "score": 0.75830078125, "flags": {}}, {"label": "dianzhuang", "points": [[1418.0, 1135.0], [1426.0, 1143.0]], "group_id": {}, "shape_type": "rectangle", "score": 0.7587890625, "flags": {}}, {"label": "dianzhuang", "points": [[2488.0, 1822.0], [2496.0, 1830.0]], "group_id": {}, "shape_type": "rectangle", "score": 0.76025390625, "flags": {}}, {"label": "dianzhuang", "points": [[2494.0, 508.0], [2502.0, 516.0]], "group_id": {}, "shape_type": "rectangle", "score": 0.76171875, "flags": {}}, {"label": "dianzhuang", "points": [[879.0, 1811.0], [886.0, 1819.0]], "group_id": {}, "shape_type": "rectangle", "score": 0.7626953125, "flags": {}}, {"label": "dianzhuang", "points": [[681.0, 1809.0], [690.0, 1817.0]], "group_id": {}, "shape_type": "rectangle", "score": 0.76513671875, "flags": {}}, {"label": "dianzhuang", "points": [[946.0, 850.0], [954.0, 858.0]], "group_id": {}, "shape_type": "rectangle", "score": 0.765625, "flags": {}}, {"label": "dianzhuang", "points": [[2804.0, 532.0], [2812.0, 538.0]], "group_id": {}, "shape_type": "rectangle", "score": 0.7666015625, "flags": {}}, {"label": "dianzhuang", "points": [[1556.0, 1906.0], [1564.0, 1912.0]], "group_id": {}, "shape_type": "rectangle", "score": 0.76806640625, "flags": {}}, {"label": "dianzhuang", "points": [[3324.0, 442.0], [3332.0, 450.0]], "group_id": {}, "shape_type": "rectangle", "score": 0.771484375, "flags": {}}, {"label": "dianzhuang", "points": [[1760.0, 1416.0], [1766.0, 1422.0]], "group_id": {}, "shape_type": "rectangle", "score": 0.77490234375, "flags": {}}, {"label": "dianzhuang", "points": [[714.0, 1539.0], [725.0, 1551.0]], "group_id": {}, "shape_type": "rectangle", "score": 0.78076171875, "flags": {}}, {"label": "dianzhuang", "points": [[1352.0, 207.0], [1362.0, 216.0]], "group_id": {}, "shape_type": "rectangle", "score": 0.78369140625, "flags": {}}, {"label": "dianzhuang", "points": [[828.0, 1711.0], [840.0, 1721.0]], "group_id": {}, "shape_type": "rectangle", "score": 0.78564453125, "flags": {}}, {"label": "dianzhuang", "points": [[1434.0, 418.0], [1442.0, 425.0]], "group_id": {}, "shape_type": "rectangle", "score": 0.7861328125, "flags": {}}, {"label": "dianzhuang", "points": [[398.0, 1976.0], [406.0, 1984.0]], "group_id": {}, "shape_type": "rectangle", "score": 0.78759765625, "flags": {}}, {"label": "dianzhuang", "points": [[946.0, 98.0], [954.0, 105.0]], "group_id": {}, "shape_type": "rectangle", "score": 0.78857421875, "flags": {}}, {"label": "dianzhuang", "points": [[479.0, 800.0], [488.0, 809.0]], "group_id": {}, "shape_type": "rectangle", "score": 0.7978515625, "flags": {}}, {"label": "dianzhuang", "points": [[1180.0, 207.0], [1190.0, 219.0]], "group_id": {}, "shape_type": "rectangle", "score": 0.798828125, "flags": {}}, {"label": "dianzhuang", "points": [[1888.0, 2242.0], [1896.0, 2250.0]], "group_id": {}, "shape_type": "rectangle", "score": 0.80126953125, "flags": {}}, {"label": "dianzhuang", "points": [[616.0, 2236.0], [634.0, 2252.0]], "group_id": {}, "shape_type": "rectangle", "score": 0.80126953125, "flags": {}}, {"label": "dianzhuang", "points": [[842.0, 2876.0], [850.0, 2884.0]], "group_id": {}, "shape_type": "rectangle", "score": 0.80224609375, "flags": {}}, {"label": "dianzhuang", "points": [[2450.0, 673.0], [2458.0, 680.0]], "group_id": {}, "shape_type": "rectangle", "score": 0.802734375, "flags": {}}, {"label": "dianzhuang", "points": [[3216.0, 2350.0], [3224.0, 2358.0]], "group_id": {}, "shape_type": "rectangle", "score": 0.81591796875, "flags": {}}, {"label": "dianzhuang", "points": [[1347.0, 442.0], [1357.0, 459.0]], "group_id": {}, "shape_type": "rectangle", "score": 0.81787109375, "flags": {}}, {"label": "dianzhuang", "points": [[1194.0, 259.0], [1208.0, 272.0]], "group_id": {}, "shape_type": "rectangle", "score": 0.8212890625, "flags": {}}, {"label": "zangwu", "points": [[3286.0, 351.0], [3438.0, 449.0]], "group_id": {}, "shape_type": "rectangle", "score": 0.8955078125, "flags": {}}], "imagePath": "3702-0007-01.jpg", "imageData": null, "imageHeight": 3200, "imageWidth": 3800}