{"version": "4.2.10", "flags": {}, "shapes": [{"label": "dianzhuang", "points": [[2984.0, 1069.0], [2988.0, 1075.0]], "group_id": {}, "shape_type": "rectangle", "score": 0.65869140625, "flags": {}}, {"label": "dianzhuang", "points": [[2094.0, 2336.0], [2106.0, 2348.0]], "group_id": {}, "shape_type": "rectangle", "score": 0.66162109375, "flags": {}}, {"label": "dianzhuang", "points": [[2986.0, 1069.0], [2990.0, 1075.0]], "group_id": {}, "shape_type": "rectangle", "score": 0.66650390625, "flags": {}}, {"label": "dianzhuang", "points": [[456.0, 854.0], [464.0, 862.0]], "group_id": {}, "shape_type": "rectangle", "score": 0.66650390625, "flags": {}}, {"label": "dianzhuang", "points": [[3312.0, 2668.0], [3320.0, 2676.0]], "group_id": {}, "shape_type": "rectangle", "score": 0.70361328125, "flags": {}}, {"label": "zangwu", "points": [[2868.0, 1893.0], [2972.0, 1973.0]], "group_id": {}, "shape_type": "rectangle", "score": 0.7099609375, "flags": {}}, {"label": "dianzhuang", "points": [[2238.0, 2614.0], [2250.0, 2622.0]], "group_id": {}, "shape_type": "rectangle", "score": 0.71826171875, "flags": {}}, {"label": "dianzhuang", "points": [[2712.0, 1355.0], [2720.0, 1363.0]], "group_id": {}, "shape_type": "rectangle", "score": 0.71826171875, "flags": {}}, {"label": "dianzhuang", "points": [[1602.0, 31.0], [1610.0, 39.0]], "group_id": {}, "shape_type": "rectangle", "score": 0.7197265625, "flags": {}}, {"label": "dianzhuang", "points": [[1618.0, 1436.0], [1624.0, 1442.0]], "group_id": {}, "shape_type": "rectangle", "score": 0.7197265625, "flags": {}}, {"label": "dianzhuang", "points": [[3480.0, 1172.0], [3488.0, 1180.0]], "group_id": {}, "shape_type": "rectangle", "score": 0.7197265625, "flags": {}}, {"label": "dianzhuang", "points": [[1617.0, 2792.0], [1637.0, 2804.0]], "group_id": {}, "shape_type": "rectangle", "score": 0.720703125, "flags": {}}, {"label": "dianzhuang", "points": [[726.0, 956.0], [732.0, 963.0]], "group_id": {}, "shape_type": "rectangle", "score": 0.72119140625, "flags": {}}, {"label": "dianzhuang", "points": [[3516.0, 2496.0], [3524.0, 2504.0]], "group_id": {}, "shape_type": "rectangle", "score": 0.72265625, "flags": {}}, {"label": "dianzhuang", "points": [[3600.0, 1792.0], [3612.0, 1800.0]], "group_id": {}, "shape_type": "rectangle", "score": 0.73291015625, "flags": {}}, {"label": "dianzhuang", "points": [[1997.0, 802.0], [2003.0, 809.0]], "group_id": {}, "shape_type": "rectangle", "score": 0.736328125, "flags": {}}, {"label": "dianzhuang", "points": [[1543.0, 1535.0], [1549.0, 1541.0]], "group_id": {}, "shape_type": "rectangle", "score": 0.73681640625, "flags": {}}, {"label": "dianzhuang", "points": [[1142.0, 68.0], [1150.0, 76.0]], "group_id": {}, "shape_type": "rectangle", "score": 0.73974609375, "flags": {}}, {"label": "dianzhuang", "points": [[580.0, 57.0], [588.0, 66.0]], "group_id": {}, "shape_type": "rectangle", "score": 0.744140625, "flags": {}}, {"label": "dianzhuang", "points": [[1873.0, 1382.0], [1879.0, 1388.0]], "group_id": {}, "shape_type": "rectangle", "score": 0.7470703125, "flags": {}}, {"label": "dianzhuang", "points": [[1909.0, 3142.0], [1915.0, 3150.0]], "group_id": {}, "shape_type": "rectangle", "score": 0.74951171875, "flags": {}}, {"label": "zangwu", "points": [[1978.0, 15.0], [2092.0, 74.0]], "group_id": {}, "shape_type": "rectangle", "score": 0.7509765625, "flags": {}}, {"label": "dianzhuang", "points": [[2880.0, 2384.0], [2888.0, 2392.0]], "group_id": {}, "shape_type": "rectangle", "score": 0.7509765625, "flags": {}}, {"label": "dianzhuang", "points": [[3072.0, 960.0], [3080.0, 967.0]], "group_id": {}, "shape_type": "rectangle", "score": 0.7509765625, "flags": {}}, {"label": "dianzhuang", "points": [[3298.0, 404.0], [3310.0, 412.0]], "group_id": {}, "shape_type": "rectangle", "score": 0.7568359375, "flags": {}}, {"label": "dianzhuang", "points": [[1215.0, 2308.0], [1223.0, 2316.0]], "group_id": {}, "shape_type": "rectangle", "score": 0.7626953125, "flags": {}}, {"label": "dianzhuang", "points": [[2254.0, 297.0], [2262.0, 304.0]], "group_id": {}, "shape_type": "rectangle", "score": 0.7626953125, "flags": {}}, {"label": "dianzhuang", "points": [[3308.0, 501.0], [3316.0, 508.0]], "group_id": {}, "shape_type": "rectangle", "score": 0.7666015625, "flags": {}}, {"label": "dianzhuang", "points": [[2562.0, 94.0], [2570.0, 102.0]], "group_id": {}, "shape_type": "rectangle", "score": 0.76708984375, "flags": {}}, {"label": "dianzhuang", "points": [[3542.0, 2019.0], [3550.0, 2025.0]], "group_id": {}, "shape_type": "rectangle", "score": 0.7783203125, "flags": {}}, {"label": "dianzhuang", "points": [[585.0, 88.0], [592.0, 95.0]], "group_id": {}, "shape_type": "rectangle", "score": 0.77880859375, "flags": {}}, {"label": "dianzhuang", "points": [[2458.0, 2440.0], [2466.0, 2448.0]], "group_id": {}, "shape_type": "rectangle", "score": 0.78076171875, "flags": {}}, {"label": "zangwu", "points": [[164.0, 1975.0], [194.0, 2001.0]], "group_id": {}, "shape_type": "rectangle", "score": 0.78173828125, "flags": {}}, {"label": "dianzhuang", "points": [[706.0, 1066.0], [713.0, 1074.0]], "group_id": {}, "shape_type": "rectangle", "score": 0.7822265625, "flags": {}}, {"label": "dianzhuang", "points": [[1123.0, 2018.0], [1131.0, 2026.0]], "group_id": {}, "shape_type": "rectangle", "score": 0.7861328125, "flags": {}}, {"label": "dianzhuang", "points": [[1431.0, 1040.0], [1439.0, 1048.0]], "group_id": {}, "shape_type": "rectangle", "score": 0.78955078125, "flags": {}}, {"label": "dianzhuang", "points": [[2438.0, 312.0], [2446.0, 320.0]], "group_id": {}, "shape_type": "rectangle", "score": 0.79345703125, "flags": {}}, {"label": "dianzhuang", "points": [[674.0, 2324.0], [684.0, 2332.0]], "group_id": {}, "shape_type": "rectangle", "score": 0.7978515625, "flags": {}}, {"label": "dianzhuang", "points": [[588.0, 556.0], [598.0, 566.0]], "group_id": {}, "shape_type": "rectangle", "score": 0.80859375, "flags": {}}, {"label": "zangwu", "points": [[866.0, 1251.0], [1002.0, 1337.0]], "group_id": {}, "shape_type": "rectangle", "score": 0.87548828125, "flags": {}}, {"label": "zangwu", "points": [[0.0, 2052.0], [74.0, 2108.0]], "group_id": {}, "shape_type": "rectangle", "score": 0.8916015625, "flags": {}}, {"label": "zangwu", "points": [[2248.0, 2754.0], [2556.0, 2918.0]], "group_id": {}, "shape_type": "rectangle", "score": 0.94384765625, "flags": {}}], "imagePath": "3702-0004-01.jpg", "imageData": null, "imageHeight": 3200, "imageWidth": 3800}