{"version": "4.2.10", "flags": {}, "shapes": [{"label": "huashang", "points": [[1167.0, 2916.0], [1187.0, 2944.0]], "group_id": {}, "shape_type": "rectangle", "score": 0.56787109375, "flags": {}}, {"label": "huashang", "points": [[714.0, 2460.0], [738.0, 2472.0]], "group_id": {}, "shape_type": "rectangle", "score": 0.67236328125, "flags": {}}, {"label": "cashang", "points": [[89.0, 1782.0], [110.0, 1812.0]], "group_id": {}, "shape_type": "rectangle", "score": 0.708984375, "flags": {}}, {"label": "cashang", "points": [[2428.0, 2832.0], [2504.0, 2932.0]], "group_id": {}, "shape_type": "rectangle", "score": 0.734375, "flags": {}}, {"label": "dianzhuang", "points": [[1964.0, 303.0], [1972.0, 311.0]], "group_id": {}, "shape_type": "rectangle", "score": 0.65283203125, "flags": {}}, {"label": "dianzhuang", "points": [[2198.0, 130.0], [2206.0, 137.0]], "group_id": {}, "shape_type": "rectangle", "score": 0.6572265625, "flags": {}}, {"label": "dianzhuang", "points": [[121.0, 802.0], [129.0, 810.0]], "group_id": {}, "shape_type": "rectangle", "score": 0.66064453125, "flags": {}}, {"label": "dianzhuang", "points": [[458.0, 1165.0], [466.0, 1173.0]], "group_id": {}, "shape_type": "rectangle", "score": 0.662109375, "flags": {}}, {"label": "dianzhuang", "points": [[3286.0, 425.0], [3294.0, 433.0]], "group_id": {}, "shape_type": "rectangle", "score": 0.66455078125, "flags": {}}, {"label": "dianzhuang", "points": [[3736.0, 1329.0], [3744.0, 1337.0]], "group_id": {}, "shape_type": "rectangle", "score": 0.666015625, "flags": {}}, {"label": "dianzhuang", "points": [[282.0, 686.0], [290.0, 694.0]], "group_id": {}, "shape_type": "rectangle", "score": 0.66748046875, "flags": {}}, {"label": "dianzhuang", "points": [[3702.0, 2520.0], [3710.0, 2528.0]], "group_id": {}, "shape_type": "rectangle", "score": 0.671875, "flags": {}}, {"label": "dianzhuang", "points": [[1489.0, 290.0], [1497.0, 298.0]], "group_id": {}, "shape_type": "rectangle", "score": 0.671875, "flags": {}}, {"label": "dianzhuang", "points": [[1868.0, 32.0], [1878.0, 41.0]], "group_id": {}, "shape_type": "rectangle", "score": 0.6796875, "flags": {}}, {"label": "dianzhuang", "points": [[3458.0, 1971.0], [3466.0, 1979.0]], "group_id": {}, "shape_type": "rectangle", "score": 0.68017578125, "flags": {}}, {"label": "dianzhuang", "points": [[1805.0, 2724.0], [1815.0, 2736.0]], "group_id": {}, "shape_type": "rectangle", "score": 0.68212890625, "flags": {}}, {"label": "dianzhuang", "points": [[1313.0, 10.0], [1321.0, 18.0]], "group_id": {}, "shape_type": "rectangle", "score": 0.68359375, "flags": {}}, {"label": "dianzhuang", "points": [[3676.0, 2896.0], [3684.0, 2904.0]], "group_id": {}, "shape_type": "rectangle", "score": 0.685546875, "flags": {}}, {"label": "dianzhuang", "points": [[816.0, 820.0], [822.0, 828.0]], "group_id": {}, "shape_type": "rectangle", "score": 0.6865234375, "flags": {}}, {"label": "dianzhuang", "points": [[364.0, 2842.0], [370.0, 2850.0]], "group_id": {}, "shape_type": "rectangle", "score": 0.6884765625, "flags": {}}, {"label": "dianzhuang", "points": [[3346.0, 510.0], [3354.0, 518.0]], "group_id": {}, "shape_type": "rectangle", "score": 0.68896484375, "flags": {}}, {"label": "dianzhuang", "points": [[1280.0, 1802.0], [1288.0, 1810.0]], "group_id": {}, "shape_type": "rectangle", "score": 0.6904296875, "flags": {}}, {"label": "dianzhuang", "points": [[1261.0, 2864.0], [1269.0, 2872.0]], "group_id": {}, "shape_type": "rectangle", "score": 0.6923828125, "flags": {}}, {"label": "dianzhuang", "points": [[1613.0, 103.0], [1619.0, 109.0]], "group_id": {}, "shape_type": "rectangle", "score": 0.6923828125, "flags": {}}, {"label": "dianzhuang", "points": [[1291.0, 115.0], [1301.0, 126.0]], "group_id": {}, "shape_type": "rectangle", "score": 0.6923828125, "flags": {}}, {"label": "dianzhuang", "points": [[3756.0, 2752.0], [3764.0, 2760.0]], "group_id": {}, "shape_type": "rectangle", "score": 0.6923828125, "flags": {}}, {"label": "dianzhuang", "points": [[2436.0, 3168.0], [2444.0, 3176.0]], "group_id": {}, "shape_type": "rectangle", "score": 0.69384765625, "flags": {}}, {"label": "dianzhuang", "points": [[3002.0, 400.0], [3010.0, 406.0]], "group_id": {}, "shape_type": "rectangle", "score": 0.6953125, "flags": {}}, {"label": "dianzhuang", "points": [[191.0, 2170.0], [198.0, 2178.0]], "group_id": {}, "shape_type": "rectangle", "score": 0.6953125, "flags": {}}, {"label": "dianzhuang", "points": [[1539.0, 2928.0], [1547.0, 2936.0]], "group_id": {}, "shape_type": "rectangle", "score": 0.6953125, "flags": {}}, {"label": "dianzhuang", "points": [[1480.0, 304.0], [1486.0, 311.0]], "group_id": {}, "shape_type": "rectangle", "score": 0.69873046875, "flags": {}}, {"label": "dianzhuang", "points": [[958.0, 288.0], [965.0, 296.0]], "group_id": {}, "shape_type": "rectangle", "score": 0.69873046875, "flags": {}}, {"label": "dianzhuang", "points": [[2406.0, 1916.0], [2414.0, 1922.0]], "group_id": {}, "shape_type": "rectangle", "score": 0.69970703125, "flags": {}}, {"label": "dianzhuang", "points": [[752.0, 1164.0], [758.0, 1170.0]], "group_id": {}, "shape_type": "rectangle", "score": 0.7001953125, "flags": {}}, {"label": "dianzhuang", "points": [[252.0, 230.0], [261.0, 238.0]], "group_id": {}, "shape_type": "rectangle", "score": 0.7001953125, "flags": {}}, {"label": "dianzhuang", "points": [[578.0, 407.0], [584.0, 415.0]], "group_id": {}, "shape_type": "rectangle", "score": 0.7021484375, "flags": {}}, {"label": "dianzhuang", "points": [[2402.0, 796.0], [2410.0, 804.0]], "group_id": {}, "shape_type": "rectangle", "score": 0.703125, "flags": {}}, {"label": "dianzhuang", "points": [[758.0, 1740.0], [764.0, 1746.0]], "group_id": {}, "shape_type": "rectangle", "score": 0.70361328125, "flags": {}}, {"label": "dianzhuang", "points": [[522.0, 714.0], [528.0, 722.0]], "group_id": {}, "shape_type": "rectangle", "score": 0.70703125, "flags": {}}, {"label": "dianzhuang", "points": [[956.0, 699.0], [962.0, 706.0]], "group_id": {}, "shape_type": "rectangle", "score": 0.70703125, "flags": {}}, {"label": "dianzhuang", "points": [[1686.0, 201.0], [1692.0, 207.0]], "group_id": {}, "shape_type": "rectangle", "score": 0.70849609375, "flags": {}}, {"label": "dianzhuang", "points": [[3522.0, 3012.0], [3530.0, 3020.0]], "group_id": {}, "shape_type": "rectangle", "score": 0.7099609375, "flags": {}}, {"label": "dianzhuang", "points": [[1453.0, 292.0], [1459.0, 299.0]], "group_id": {}, "shape_type": "rectangle", "score": 0.7099609375, "flags": {}}, {"label": "dianzhuang", "points": [[3080.0, 2012.0], [3088.0, 2020.0]], "group_id": {}, "shape_type": "rectangle", "score": 0.71142578125, "flags": {}}, {"label": "dianzhuang", "points": [[3330.0, 3068.0], [3334.0, 3072.0]], "group_id": {}, "shape_type": "rectangle", "score": 0.71337890625, "flags": {}}, {"label": "dianzhuang", "points": [[548.0, 2086.0], [556.0, 2094.0]], "group_id": {}, "shape_type": "rectangle", "score": 0.71337890625, "flags": {}}, {"label": "dianzhuang", "points": [[3328.0, 518.0], [3336.0, 526.0]], "group_id": {}, "shape_type": "rectangle", "score": 0.71337890625, "flags": {}}, {"label": "dianzhuang", "points": [[1006.0, 640.0], [1014.0, 646.0]], "group_id": {}, "shape_type": "rectangle", "score": 0.71484375, "flags": {}}, {"label": "dianzhuang", "points": [[1218.0, 66.0], [1226.0, 74.0]], "group_id": {}, "shape_type": "rectangle", "score": 0.71484375, "flags": {}}, {"label": "dianzhuang", "points": [[884.0, 1824.0], [893.0, 1832.0]], "group_id": {}, "shape_type": "rectangle", "score": 0.71484375, "flags": {}}, {"label": "dianzhuang", "points": [[234.0, 2368.0], [242.0, 2376.0]], "group_id": {}, "shape_type": "rectangle", "score": 0.72119140625, "flags": {}}, {"label": "dianzhuang", "points": [[3166.0, 2448.0], [3174.0, 2456.0]], "group_id": {}, "shape_type": "rectangle", "score": 0.72119140625, "flags": {}}, {"label": "dianzhuang", "points": [[1115.0, 693.0], [1123.0, 700.0]], "group_id": {}, "shape_type": "rectangle", "score": 0.72119140625, "flags": {}}, {"label": "dianzhuang", "points": [[3598.0, 128.0], [3606.0, 134.0]], "group_id": {}, "shape_type": "rectangle", "score": 0.72265625, "flags": {}}, {"label": "dianzhuang", "points": [[1749.0, 3144.0], [1755.0, 3152.0]], "group_id": {}, "shape_type": "rectangle", "score": 0.72265625, "flags": {}}, {"label": "dianzhuang", "points": [[814.0, 59.0], [822.0, 66.0]], "group_id": {}, "shape_type": "rectangle", "score": 0.72265625, "flags": {}}, {"label": "dianzhuang", "points": [[855.0, 654.0], [864.0, 662.0]], "group_id": {}, "shape_type": "rectangle", "score": 0.724609375, "flags": {}}, {"label": "dianzhuang", "points": [[1659.0, 242.0], [1665.0, 248.0]], "group_id": {}, "shape_type": "rectangle", "score": 0.72607421875, "flags": {}}, {"label": "dianzhuang", "points": [[1027.0, 246.0], [1035.0, 254.0]], "group_id": {}, "shape_type": "rectangle", "score": 0.72607421875, "flags": {}}, {"label": "dianzhuang", "points": [[3118.0, 130.0], [3126.0, 137.0]], "group_id": {}, "shape_type": "rectangle", "score": 0.72607421875, "flags": {}}, {"label": "dianzhuang", "points": [[2418.0, 4.0], [2426.0, 11.0]], "group_id": {}, "shape_type": "rectangle", "score": 0.72705078125, "flags": {}}, {"label": "dianzhuang", "points": [[2906.0, 2208.0], [2914.0, 2216.0]], "group_id": {}, "shape_type": "rectangle", "score": 0.7275390625, "flags": {}}, {"label": "dianzhuang", "points": [[3784.0, 2956.0], [3796.0, 2964.0]], "group_id": {}, "shape_type": "rectangle", "score": 0.728515625, "flags": {}}, {"label": "dianzhuang", "points": [[2994.0, 2976.0], [3002.0, 2984.0]], "group_id": {}, "shape_type": "rectangle", "score": 0.73046875, "flags": {}}, {"label": "dianzhuang", "points": [[120.0, 319.0], [127.0, 326.0]], "group_id": {}, "shape_type": "rectangle", "score": 0.73046875, "flags": {}}, {"label": "dianzhuang", "points": [[15.0, 1902.0], [22.0, 1910.0]], "group_id": {}, "shape_type": "rectangle", "score": 0.73193359375, "flags": {}}, {"label": "dianzhuang", "points": [[3744.0, 2416.0], [3752.0, 2424.0]], "group_id": {}, "shape_type": "rectangle", "score": 0.7333984375, "flags": {}}, {"label": "dianzhuang", "points": [[2820.0, 2590.0], [2828.0, 2598.0]], "group_id": {}, "shape_type": "rectangle", "score": 0.7333984375, "flags": {}}, {"label": "dianzhuang", "points": [[1159.0, 643.0], [1167.0, 651.0]], "group_id": {}, "shape_type": "rectangle", "score": 0.7333984375, "flags": {}}, {"label": "dianzhuang", "points": [[2212.0, 2324.0], [2220.0, 2332.0]], "group_id": {}, "shape_type": "rectangle", "score": 0.7353515625, "flags": {}}, {"label": "dianzhuang", "points": [[460.0, 2676.0], [468.0, 2684.0]], "group_id": {}, "shape_type": "rectangle", "score": 0.73681640625, "flags": {}}, {"label": "dianzhuang", "points": [[2032.0, 722.0], [2040.0, 730.0]], "group_id": {}, "shape_type": "rectangle", "score": 0.73828125, "flags": {}}, {"label": "dianzhuang", "points": [[3262.0, 664.0], [3274.0, 673.0]], "group_id": {}, "shape_type": "rectangle", "score": 0.73828125, "flags": {}}, {"label": "dianzhuang", "points": [[2548.0, 2206.0], [2556.0, 2214.0]], "group_id": {}, "shape_type": "rectangle", "score": 0.73828125, "flags": {}}, {"label": "dianzhuang", "points": [[1637.0, 3006.0], [1645.0, 3014.0]], "group_id": {}, "shape_type": "rectangle", "score": 0.73828125, "flags": {}}, {"label": "dianzhuang", "points": [[1884.0, 2480.0], [1892.0, 2488.0]], "group_id": {}, "shape_type": "rectangle", "score": 0.73974609375, "flags": {}}, {"label": "dianzhuang", "points": [[1719.0, 1468.0], [1725.0, 1476.0]], "group_id": {}, "shape_type": "rectangle", "score": 0.7412109375, "flags": {}}, {"label": "dianzhuang", "points": [[2240.0, 2326.0], [2248.0, 2334.0]], "group_id": {}, "shape_type": "rectangle", "score": 0.7412109375, "flags": {}}, {"label": "dianzhuang", "points": [[1487.0, 1586.0], [1495.0, 1594.0]], "group_id": {}, "shape_type": "rectangle", "score": 0.74267578125, "flags": {}}, {"label": "dianzhuang", "points": [[492.0, 1970.0], [499.0, 1976.0]], "group_id": {}, "shape_type": "rectangle", "score": 0.74267578125, "flags": {}}, {"label": "dianzhuang", "points": [[1973.0, 670.0], [1985.0, 681.0]], "group_id": {}, "shape_type": "rectangle", "score": 0.74267578125, "flags": {}}, {"label": "dianzhuang", "points": [[1058.0, 236.0], [1068.0, 245.0]], "group_id": {}, "shape_type": "rectangle", "score": 0.74267578125, "flags": {}}, {"label": "dianzhuang", "points": [[1415.0, 2598.0], [1421.0, 2606.0]], "group_id": {}, "shape_type": "rectangle", "score": 0.744140625, "flags": {}}, {"label": "zangwu", "points": [[1075.0, 1559.0], [1151.0, 1817.0]], "group_id": {}, "shape_type": "rectangle", "score": 0.7451171875, "flags": {}}, {"label": "dianzhuang", "points": [[3356.0, 1736.0], [3364.0, 1742.0]], "group_id": {}, "shape_type": "rectangle", "score": 0.7470703125, "flags": {}}, {"label": "dianzhuang", "points": [[2726.0, 1973.0], [2734.0, 1979.0]], "group_id": {}, "shape_type": "rectangle", "score": 0.74853515625, "flags": {}}, {"label": "dianzhuang", "points": [[2946.0, 220.0], [2954.0, 228.0]], "group_id": {}, "shape_type": "rectangle", "score": 0.74951171875, "flags": {}}, {"label": "dianzhuang", "points": [[2086.0, 2846.0], [2094.0, 2854.0]], "group_id": {}, "shape_type": "rectangle", "score": 0.75, "flags": {}}, {"label": "dianzhuang", "points": [[1804.0, 2904.0], [1812.0, 2912.0]], "group_id": {}, "shape_type": "rectangle", "score": 0.7509765625, "flags": {}}, {"label": "dianzhuang", "points": [[1678.0, 236.0], [1684.0, 243.0]], "group_id": {}, "shape_type": "rectangle", "score": 0.7509765625, "flags": {}}, {"label": "dianzhuang", "points": [[2674.0, 1050.0], [2682.0, 1058.0]], "group_id": {}, "shape_type": "rectangle", "score": 0.7509765625, "flags": {}}, {"label": "dianzhuang", "points": [[2102.0, 1382.0], [2110.0, 1388.0]], "group_id": {}, "shape_type": "rectangle", "score": 0.7509765625, "flags": {}}, {"label": "dianzhuang", "points": [[970.0, 496.0], [978.0, 504.0]], "group_id": {}, "shape_type": "rectangle", "score": 0.7509765625, "flags": {}}, {"label": "dianzhuang", "points": [[1539.0, 2904.0], [1547.0, 2912.0]], "group_id": {}, "shape_type": "rectangle", "score": 0.75244140625, "flags": {}}, {"label": "dianzhuang", "points": [[2052.0, 1863.0], [2060.0, 1869.0]], "group_id": {}, "shape_type": "rectangle", "score": 0.75244140625, "flags": {}}, {"label": "dianzhuang", "points": [[3618.0, 2860.0], [3626.0, 2868.0]], "group_id": {}, "shape_type": "rectangle", "score": 0.75390625, "flags": {}}, {"label": "dianzhuang", "points": [[1980.0, 1299.0], [1988.0, 1307.0]], "group_id": {}, "shape_type": "rectangle", "score": 0.75439453125, "flags": {}}, {"label": "dianzhuang", "points": [[2116.0, 2488.0], [2124.0, 2496.0]], "group_id": {}, "shape_type": "rectangle", "score": 0.75537109375, "flags": {}}, {"label": "dianzhuang", "points": [[672.0, 856.0], [678.0, 862.0]], "group_id": {}, "shape_type": "rectangle", "score": 0.75537109375, "flags": {}}, {"label": "dianzhuang", "points": [[2100.0, 732.0], [2108.0, 740.0]], "group_id": {}, "shape_type": "rectangle", "score": 0.755859375, "flags": {}}, {"label": "dianzhuang", "points": [[1978.0, 1086.0], [1984.0, 1092.0]], "group_id": {}, "shape_type": "rectangle", "score": 0.7568359375, "flags": {}}, {"label": "dianzhuang", "points": [[3412.0, 26.0], [3420.0, 34.0]], "group_id": {}, "shape_type": "rectangle", "score": 0.7568359375, "flags": {}}, {"label": "dianzhuang", "points": [[1220.0, 134.0], [1228.0, 142.0]], "group_id": {}, "shape_type": "rectangle", "score": 0.7568359375, "flags": {}}, {"label": "dianzhuang", "points": [[3748.0, 184.0], [3756.0, 193.0]], "group_id": {}, "shape_type": "rectangle", "score": 0.75732421875, "flags": {}}, {"label": "dianzhuang", "points": [[1608.0, 2232.0], [1614.0, 2240.0]], "group_id": {}, "shape_type": "rectangle", "score": 0.75830078125, "flags": {}}, {"label": "dianzhuang", "points": [[3400.0, 2078.0], [3408.0, 2086.0]], "group_id": {}, "shape_type": "rectangle", "score": 0.75830078125, "flags": {}}, {"label": "dianzhuang", "points": [[1379.0, 461.0], [1389.0, 469.0]], "group_id": {}, "shape_type": "rectangle", "score": 0.75830078125, "flags": {}}, {"label": "dianzhuang", "points": [[1267.0, 270.0], [1273.0, 278.0]], "group_id": {}, "shape_type": "rectangle", "score": 0.75830078125, "flags": {}}, {"label": "dianzhuang", "points": [[404.0, 16.0], [412.0, 24.0]], "group_id": {}, "shape_type": "rectangle", "score": 0.7587890625, "flags": {}}, {"label": "dianzhuang", "points": [[220.0, 293.0], [227.0, 300.0]], "group_id": {}, "shape_type": "rectangle", "score": 0.759765625, "flags": {}}, {"label": "dianzhuang", "points": [[3480.0, 972.0], [3488.0, 979.0]], "group_id": {}, "shape_type": "rectangle", "score": 0.759765625, "flags": {}}, {"label": "dianzhuang", "points": [[3346.0, 3026.0], [3354.0, 3034.0]], "group_id": {}, "shape_type": "rectangle", "score": 0.76123046875, "flags": {}}, {"label": "dianzhuang", "points": [[242.0, 304.0], [248.0, 310.0]], "group_id": {}, "shape_type": "rectangle", "score": 0.76123046875, "flags": {}}, {"label": "dianzhuang", "points": [[1476.0, 372.0], [1482.0, 380.0]], "group_id": {}, "shape_type": "rectangle", "score": 0.763671875, "flags": {}}, {"label": "dianzhuang", "points": [[648.0, 963.0], [656.0, 970.0]], "group_id": {}, "shape_type": "rectangle", "score": 0.763671875, "flags": {}}, {"label": "dianzhuang", "points": [[1917.0, 253.0], [1925.0, 261.0]], "group_id": {}, "shape_type": "rectangle", "score": 0.763671875, "flags": {}}, {"label": "dianzhuang", "points": [[3422.0, 1956.0], [3430.0, 1964.0]], "group_id": {}, "shape_type": "rectangle", "score": 0.76416015625, "flags": {}}, {"label": "dianzhuang", "points": [[1252.0, 58.0], [1260.0, 65.0]], "group_id": {}, "shape_type": "rectangle", "score": 0.76513671875, "flags": {}}, {"label": "dianzhuang", "points": [[3538.0, 2576.0], [3546.0, 2584.0]], "group_id": {}, "shape_type": "rectangle", "score": 0.76513671875, "flags": {}}, {"label": "dianzhuang", "points": [[3488.0, 407.0], [3496.0, 414.0]], "group_id": {}, "shape_type": "rectangle", "score": 0.765625, "flags": {}}, {"label": "dianzhuang", "points": [[932.0, 718.0], [940.0, 725.0]], "group_id": {}, "shape_type": "rectangle", "score": 0.7666015625, "flags": {}}, {"label": "dianzhuang", "points": [[2898.0, 1553.0], [2906.0, 1563.0]], "group_id": {}, "shape_type": "rectangle", "score": 0.7666015625, "flags": {}}, {"label": "dianzhuang", "points": [[3226.0, 494.0], [3234.0, 503.0]], "group_id": {}, "shape_type": "rectangle", "score": 0.76708984375, "flags": {}}, {"label": "dianzhuang", "points": [[3598.0, 2846.0], [3606.0, 2854.0]], "group_id": {}, "shape_type": "rectangle", "score": 0.76708984375, "flags": {}}, {"label": "dianzhuang", "points": [[1726.0, 246.0], [1732.0, 254.0]], "group_id": {}, "shape_type": "rectangle", "score": 0.76806640625, "flags": {}}, {"label": "dianzhuang", "points": [[1705.0, 372.0], [1713.0, 378.0]], "group_id": {}, "shape_type": "rectangle", "score": 0.76806640625, "flags": {}}, {"label": "dianzhuang", "points": [[484.0, 114.0], [492.0, 123.0]], "group_id": {}, "shape_type": "rectangle", "score": 0.76806640625, "flags": {}}, {"label": "dianzhuang", "points": [[3542.0, 3130.0], [3550.0, 3138.0]], "group_id": {}, "shape_type": "rectangle", "score": 0.7685546875, "flags": {}}, {"label": "dianzhuang", "points": [[332.0, 2258.0], [340.0, 2266.0]], "group_id": {}, "shape_type": "rectangle", "score": 0.7685546875, "flags": {}}, {"label": "dianzhuang", "points": [[456.0, 1741.0], [463.0, 1749.0]], "group_id": {}, "shape_type": "rectangle", "score": 0.76953125, "flags": {}}, {"label": "dianzhuang", "points": [[2872.0, 138.0], [2880.0, 145.0]], "group_id": {}, "shape_type": "rectangle", "score": 0.76953125, "flags": {}}, {"label": "dianzhuang", "points": [[1693.0, 2522.0], [1701.0, 2530.0]], "group_id": {}, "shape_type": "rectangle", "score": 0.77001953125, "flags": {}}, {"label": "dianzhuang", "points": [[508.0, 472.0], [516.0, 480.0]], "group_id": {}, "shape_type": "rectangle", "score": 0.771484375, "flags": {}}, {"label": "dianzhuang", "points": [[1211.0, 1483.0], [1221.0, 1491.0]], "group_id": {}, "shape_type": "rectangle", "score": 0.7724609375, "flags": {}}, {"label": "dianzhuang", "points": [[2986.0, 2214.0], [2994.0, 2222.0]], "group_id": {}, "shape_type": "rectangle", "score": 0.77294921875, "flags": {}}, {"label": "dianzhuang", "points": [[3364.0, 1087.0], [3384.0, 1101.0]], "group_id": {}, "shape_type": "rectangle", "score": 0.77294921875, "flags": {}}, {"label": "dianzhuang", "points": [[1629.0, 2488.0], [1637.0, 2496.0]], "group_id": {}, "shape_type": "rectangle", "score": 0.7734375, "flags": {}}, {"label": "dianzhuang", "points": [[328.0, 1344.0], [335.0, 1352.0]], "group_id": {}, "shape_type": "rectangle", "score": 0.7734375, "flags": {}}, {"label": "dianzhuang", "points": [[1712.0, 264.0], [1718.0, 270.0]], "group_id": {}, "shape_type": "rectangle", "score": 0.7734375, "flags": {}}, {"label": "dianzhuang", "points": [[566.0, 1120.0], [574.0, 1128.0]], "group_id": {}, "shape_type": "rectangle", "score": 0.77392578125, "flags": {}}, {"label": "dianzhuang", "points": [[1757.0, 547.0], [1765.0, 555.0]], "group_id": {}, "shape_type": "rectangle", "score": 0.775390625, "flags": {}}, {"label": "dianzhuang", "points": [[3312.0, 2834.0], [3320.0, 2842.0]], "group_id": {}, "shape_type": "rectangle", "score": 0.7763671875, "flags": {}}, {"label": "dianzhuang", "points": [[1733.0, 2836.0], [1741.0, 2844.0]], "group_id": {}, "shape_type": "rectangle", "score": 0.77685546875, "flags": {}}, {"label": "dianzhuang", "points": [[805.0, 2026.0], [813.0, 2034.0]], "group_id": {}, "shape_type": "rectangle", "score": 0.77783203125, "flags": {}}, {"label": "dianzhuang", "points": [[3308.0, 2180.0], [3316.0, 2188.0]], "group_id": {}, "shape_type": "rectangle", "score": 0.77880859375, "flags": {}}, {"label": "dianzhuang", "points": [[438.0, 463.0], [448.0, 472.0]], "group_id": {}, "shape_type": "rectangle", "score": 0.78076171875, "flags": {}}, {"label": "dianzhuang", "points": [[2626.0, 2066.0], [2634.0, 2074.0]], "group_id": {}, "shape_type": "rectangle", "score": 0.78173828125, "flags": {}}, {"label": "dianzhuang", "points": [[1454.0, 440.0], [1462.0, 448.0]], "group_id": {}, "shape_type": "rectangle", "score": 0.783203125, "flags": {}}, {"label": "dianzhuang", "points": [[3062.0, 656.0], [3070.0, 664.0]], "group_id": {}, "shape_type": "rectangle", "score": 0.783203125, "flags": {}}, {"label": "dianzhuang", "points": [[1945.0, 2874.0], [1953.0, 2882.0]], "group_id": {}, "shape_type": "rectangle", "score": 0.78369140625, "flags": {}}, {"label": "dianzhuang", "points": [[1809.0, 330.0], [1817.0, 338.0]], "group_id": {}, "shape_type": "rectangle", "score": 0.78466796875, "flags": {}}, {"label": "dianzhuang", "points": [[3504.0, 652.0], [3512.0, 660.0]], "group_id": {}, "shape_type": "rectangle", "score": 0.7861328125, "flags": {}}, {"label": "dianzhuang", "points": [[1565.0, 2852.0], [1573.0, 2860.0]], "group_id": {}, "shape_type": "rectangle", "score": 0.7861328125, "flags": {}}, {"label": "zangwu", "points": [[2472.0, 291.0], [2520.0, 326.0]], "group_id": {}, "shape_type": "rectangle", "score": 0.78662109375, "flags": {}}, {"label": "dianzhuang", "points": [[1987.0, 1909.0], [1995.0, 1917.0]], "group_id": {}, "shape_type": "rectangle", "score": 0.78759765625, "flags": {}}, {"label": "dianzhuang", "points": [[56.0, 239.0], [62.0, 246.0]], "group_id": {}, "shape_type": "rectangle", "score": 0.78759765625, "flags": {}}, {"label": "dianzhuang", "points": [[1513.0, 1540.0], [1523.0, 1548.0]], "group_id": {}, "shape_type": "rectangle", "score": 0.78759765625, "flags": {}}, {"label": "dianzhuang", "points": [[3462.0, 2752.0], [3470.0, 2760.0]], "group_id": {}, "shape_type": "rectangle", "score": 0.7880859375, "flags": {}}, {"label": "dianzhuang", "points": [[571.0, 894.0], [579.0, 902.0]], "group_id": {}, "shape_type": "rectangle", "score": 0.7880859375, "flags": {}}, {"label": "dianzhuang", "points": [[2019.0, 2644.0], [2029.0, 2656.0]], "group_id": {}, "shape_type": "rectangle", "score": 0.78857421875, "flags": {}}, {"label": "dianzhuang", "points": [[1096.0, 267.0], [1104.0, 274.0]], "group_id": {}, "shape_type": "rectangle", "score": 0.78857421875, "flags": {}}, {"label": "dianzhuang", "points": [[430.0, 2894.0], [441.0, 2906.0]], "group_id": {}, "shape_type": "rectangle", "score": 0.78857421875, "flags": {}}, {"label": "dianzhuang", "points": [[2296.0, 1536.0], [2304.0, 1544.0]], "group_id": {}, "shape_type": "rectangle", "score": 0.79150390625, "flags": {}}, {"label": "dianzhuang", "points": [[284.0, 2426.0], [291.0, 2434.0]], "group_id": {}, "shape_type": "rectangle", "score": 0.79150390625, "flags": {}}, {"label": "dianzhuang", "points": [[3328.0, 419.0], [3336.0, 426.0]], "group_id": {}, "shape_type": "rectangle", "score": 0.7919921875, "flags": {}}, {"label": "dianzhuang", "points": [[972.0, 122.0], [980.0, 130.0]], "group_id": {}, "shape_type": "rectangle", "score": 0.7919921875, "flags": {}}, {"label": "dianzhuang", "points": [[528.0, 1888.0], [535.0, 1896.0]], "group_id": {}, "shape_type": "rectangle", "score": 0.79248046875, "flags": {}}, {"label": "dianzhuang", "points": [[3594.0, 2618.0], [3602.0, 2630.0]], "group_id": {}, "shape_type": "rectangle", "score": 0.7939453125, "flags": {}}, {"label": "dianzhuang", "points": [[436.0, 1235.0], [443.0, 1243.0]], "group_id": {}, "shape_type": "rectangle", "score": 0.794921875, "flags": {}}, {"label": "dianzhuang", "points": [[1600.0, 562.0], [1608.0, 570.0]], "group_id": {}, "shape_type": "rectangle", "score": 0.79638671875, "flags": {}}, {"label": "dianzhuang", "points": [[414.0, 543.0], [424.0, 552.0]], "group_id": {}, "shape_type": "rectangle", "score": 0.7978515625, "flags": {}}, {"label": "dianzhuang", "points": [[3554.0, 1227.0], [3562.0, 1233.0]], "group_id": {}, "shape_type": "rectangle", "score": 0.79833984375, "flags": {}}, {"label": "dianzhuang", "points": [[1671.0, 293.0], [1683.0, 306.0]], "group_id": {}, "shape_type": "rectangle", "score": 0.7998046875, "flags": {}}, {"label": "dianzhuang", "points": [[3322.0, 2946.0], [3330.0, 2954.0]], "group_id": {}, "shape_type": "rectangle", "score": 0.80029296875, "flags": {}}, {"label": "dianzhuang", "points": [[2674.0, 2080.0], [2682.0, 2088.0]], "group_id": {}, "shape_type": "rectangle", "score": 0.80126953125, "flags": {}}, {"label": "dianzhuang", "points": [[1836.0, 385.0], [1844.0, 392.0]], "group_id": {}, "shape_type": "rectangle", "score": 0.80126953125, "flags": {}}, {"label": "dianzhuang", "points": [[2358.0, 2003.0], [2366.0, 2011.0]], "group_id": {}, "shape_type": "rectangle", "score": 0.80322265625, "flags": {}}, {"label": "dianzhuang", "points": [[1628.0, 2254.0], [1636.0, 2262.0]], "group_id": {}, "shape_type": "rectangle", "score": 0.80517578125, "flags": {}}, {"label": "dianzhuang", "points": [[271.0, 251.0], [279.0, 259.0]], "group_id": {}, "shape_type": "rectangle", "score": 0.80517578125, "flags": {}}, {"label": "dianzhuang", "points": [[1397.0, 452.0], [1407.0, 462.0]], "group_id": {}, "shape_type": "rectangle", "score": 0.80517578125, "flags": {}}, {"label": "dianzhuang", "points": [[1189.0, 356.0], [1197.0, 365.0]], "group_id": {}, "shape_type": "rectangle", "score": 0.8076171875, "flags": {}}, {"label": "dianzhuang", "points": [[3454.0, 534.0], [3462.0, 542.0]], "group_id": {}, "shape_type": "rectangle", "score": 0.80859375, "flags": {}}, {"label": "dianzhuang", "points": [[1833.0, 2706.0], [1841.0, 2714.0]], "group_id": {}, "shape_type": "rectangle", "score": 0.81103515625, "flags": {}}, {"label": "dianzhuang", "points": [[2294.0, 886.0], [2302.0, 894.0]], "group_id": {}, "shape_type": "rectangle", "score": 0.81103515625, "flags": {}}, {"label": "dianzhuang", "points": [[1370.0, 274.0], [1378.0, 282.0]], "group_id": {}, "shape_type": "rectangle", "score": 0.81103515625, "flags": {}}, {"label": "dianzhuang", "points": [[3596.0, 2620.0], [3604.0, 2628.0]], "group_id": {}, "shape_type": "rectangle", "score": 0.814453125, "flags": {}}, {"label": "dianzhuang", "points": [[493.0, 1599.0], [504.0, 1609.0]], "group_id": {}, "shape_type": "rectangle", "score": 0.814453125, "flags": {}}, {"label": "dianzhuang", "points": [[436.0, 1573.0], [452.0, 1587.0]], "group_id": {}, "shape_type": "rectangle", "score": 0.822265625, "flags": {}}, {"label": "dianzhuang", "points": [[3392.0, 1344.0], [3400.0, 1352.0]], "group_id": {}, "shape_type": "rectangle", "score": 0.8232421875, "flags": {}}, {"label": "dianzhuang", "points": [[694.0, 1941.0], [705.0, 1951.0]], "group_id": {}, "shape_type": "rectangle", "score": 0.833984375, "flags": {}}, {"label": "dianzhuang", "points": [[1170.0, 2920.0], [1184.0, 2944.0]], "group_id": {}, "shape_type": "rectangle", "score": 0.83642578125, "flags": {}}, {"label": "dianzhuang", "points": [[1536.0, 2116.0], [1548.0, 2128.0]], "group_id": {}, "shape_type": "rectangle", "score": 0.83984375, "flags": {}}, {"label": "dianzhuang", "points": [[1373.0, 308.0], [1385.0, 319.0]], "group_id": {}, "shape_type": "rectangle", "score": 0.849609375, "flags": {}}, {"label": "dianzhuang", "points": [[502.0, 0.0], [525.0, 16.0]], "group_id": {}, "shape_type": "rectangle", "score": 0.8564453125, "flags": {}}, {"label": "dianzhuang", "points": [[1778.0, 326.0], [1806.0, 358.0]], "group_id": {}, "shape_type": "rectangle", "score": 0.9228515625, "flags": {}}], "imagePath": "3702-0009-01.jpg", "imageData": null, "imageHeight": 3200, "imageWidth": 3800}