{"version": "4.2.10", "flags": {}, "shapes": [{"label": "huashang", "points": [[602.0, 2916.0], [618.0, 2940.0]], "group_id": {}, "shape_type": "rectangle", "score": 0.798828125, "flags": {}}, {"label": "zangwu", "points": [[792.0, 800.0], [834.0, 836.0]], "group_id": {}, "shape_type": "rectangle", "score": 0.65966796875, "flags": {}}, {"label": "zangwu", "points": [[274.0, 2708.0], [307.0, 2784.0]], "group_id": {}, "shape_type": "rectangle", "score": 0.8076171875, "flags": {}}, {"label": "zangwu", "points": [[600.0, 2914.0], [619.0, 2946.0]], "group_id": {}, "shape_type": "rectangle", "score": 0.80859375, "flags": {}}, {"label": "zangwu", "points": [[2312.0, 1095.0], [2368.0, 1139.0]], "group_id": {}, "shape_type": "rectangle", "score": 0.80908203125, "flags": {}}, {"label": "huichen", "points": [[1922.0, 1346.0], [1928.0, 1352.0]], "group_id": {}, "shape_type": "rectangle", "score": 0.6552734375, "flags": {}}, {"label": "huichen", "points": [[2428.0, 1694.0], [2436.0, 1700.0]], "group_id": {}, "shape_type": "rectangle", "score": 0.65869140625, "flags": {}}, {"label": "huichen", "points": [[1702.0, 1609.0], [1710.0, 1615.0]], "group_id": {}, "shape_type": "rectangle", "score": 0.669921875, "flags": {}}, {"label": "huichen", "points": [[2148.0, 1085.0], [2156.0, 1091.0]], "group_id": {}, "shape_type": "rectangle", "score": 0.669921875, "flags": {}}, {"label": "dianzhuang", "points": [[2574.0, 2104.0], [2586.0, 2116.0]], "group_id": {}, "shape_type": "rectangle", "score": 0.67431640625, "flags": {}}, {"label": "huichen", "points": [[15.0, 1429.0], [23.0, 1437.0]], "group_id": {}, "shape_type": "rectangle", "score": 0.6767578125, "flags": {}}, {"label": "huichen", "points": [[1778.0, 1676.0], [1784.0, 1682.0]], "group_id": {}, "shape_type": "rectangle", "score": 0.68017578125, "flags": {}}, {"label": "huichen", "points": [[3254.0, 714.0], [3262.0, 722.0]], "group_id": {}, "shape_type": "rectangle", "score": 0.6806640625, "flags": {}}, {"label": "huichen", "points": [[2144.0, 1603.0], [2152.0, 1609.0]], "group_id": {}, "shape_type": "rectangle", "score": 0.6865234375, "flags": {}}, {"label": "dianzhuang", "points": [[3786.0, 2438.0], [3794.0, 2446.0]], "group_id": {}, "shape_type": "rectangle", "score": 0.6923828125, "flags": {}}, {"label": "huichen", "points": [[1834.0, 926.0], [1840.0, 932.0]], "group_id": {}, "shape_type": "rectangle", "score": 0.6953125, "flags": {}}, {"label": "dianzhuang", "points": [[2364.0, 38.0], [2372.0, 45.0]], "group_id": {}, "shape_type": "rectangle", "score": 0.7021484375, "flags": {}}, {"label": "huichen", "points": [[796.0, 2762.0], [803.0, 2770.0]], "group_id": {}, "shape_type": "rectangle", "score": 0.7158203125, "flags": {}}, {"label": "huichen", "points": [[1954.0, 1354.0], [1960.0, 1360.0]], "group_id": {}, "shape_type": "rectangle", "score": 0.72119140625, "flags": {}}, {"label": "huichen", "points": [[1693.0, 1703.0], [1699.0, 1709.0]], "group_id": {}, "shape_type": "rectangle", "score": 0.72265625, "flags": {}}, {"label": "huichen", "points": [[2376.0, 574.0], [2388.0, 584.0]], "group_id": {}, "shape_type": "rectangle", "score": 0.72265625, "flags": {}}, {"label": "dianzhuang", "points": [[3274.0, 616.0], [3282.0, 622.0]], "group_id": {}, "shape_type": "rectangle", "score": 0.728515625, "flags": {}}, {"label": "huichen", "points": [[1822.0, 1911.0], [1830.0, 1919.0]], "group_id": {}, "shape_type": "rectangle", "score": 0.72900390625, "flags": {}}, {"label": "dianzhuang", "points": [[1518.0, 205.0], [1526.0, 213.0]], "group_id": {}, "shape_type": "rectangle", "score": 0.73974609375, "flags": {}}, {"label": "huichen", "points": [[3050.0, 2556.0], [3058.0, 2564.0]], "group_id": {}, "shape_type": "rectangle", "score": 0.744140625, "flags": {}}, {"label": "huichen", "points": [[1925.0, 1437.0], [1931.0, 1443.0]], "group_id": {}, "shape_type": "rectangle", "score": 0.7509765625, "flags": {}}, {"label": "huichen", "points": [[3184.0, 1990.0], [3192.0, 1998.0]], "group_id": {}, "shape_type": "rectangle", "score": 0.75537109375, "flags": {}}, {"label": "huichen", "points": [[2096.0, 452.0], [2104.0, 459.0]], "group_id": {}, "shape_type": "rectangle", "score": 0.7568359375, "flags": {}}, {"label": "huichen", "points": [[2592.0, 1363.0], [2604.0, 1373.0]], "group_id": {}, "shape_type": "rectangle", "score": 0.75732421875, "flags": {}}, {"label": "dianzhuang", "points": [[2820.0, 1012.0], [2828.0, 1020.0]], "group_id": {}, "shape_type": "rectangle", "score": 0.76025390625, "flags": {}}, {"label": "huichen", "points": [[904.0, 2254.0], [912.0, 2262.0]], "group_id": {}, "shape_type": "rectangle", "score": 0.76123046875, "flags": {}}, {"label": "huichen", "points": [[2106.0, 1514.0], [2114.0, 1520.0]], "group_id": {}, "shape_type": "rectangle", "score": 0.76318359375, "flags": {}}, {"label": "huichen", "points": [[1091.0, 1479.0], [1099.0, 1487.0]], "group_id": {}, "shape_type": "rectangle", "score": 0.771484375, "flags": {}}, {"label": "huichen", "points": [[1395.0, 1737.0], [1401.0, 1743.0]], "group_id": {}, "shape_type": "rectangle", "score": 0.771484375, "flags": {}}, {"label": "huichen", "points": [[2496.0, 1764.0], [2504.0, 1770.0]], "group_id": {}, "shape_type": "rectangle", "score": 0.771484375, "flags": {}}, {"label": "dianzhuang", "points": [[1040.0, 1489.0], [1048.0, 1497.0]], "group_id": {}, "shape_type": "rectangle", "score": 0.7724609375, "flags": {}}, {"label": "huichen", "points": [[1975.0, 395.0], [1983.0, 402.0]], "group_id": {}, "shape_type": "rectangle", "score": 0.7734375, "flags": {}}, {"label": "dianzhuang", "points": [[1417.0, 1820.0], [1425.0, 1828.0]], "group_id": {}, "shape_type": "rectangle", "score": 0.77392578125, "flags": {}}, {"label": "huichen", "points": [[3070.0, 1608.0], [3082.0, 1618.0]], "group_id": {}, "shape_type": "rectangle", "score": 0.77392578125, "flags": {}}, {"label": "dianzhuang", "points": [[1110.0, 2364.0], [1118.0, 2372.0]], "group_id": {}, "shape_type": "rectangle", "score": 0.77490234375, "flags": {}}, {"label": "huichen", "points": [[1770.0, 2852.0], [1778.0, 2860.0]], "group_id": {}, "shape_type": "rectangle", "score": 0.77490234375, "flags": {}}, {"label": "huichen", "points": [[1726.0, 916.0], [1732.0, 922.0]], "group_id": {}, "shape_type": "rectangle", "score": 0.77685546875, "flags": {}}, {"label": "huichen", "points": [[1745.0, 2008.0], [1753.0, 2016.0]], "group_id": {}, "shape_type": "rectangle", "score": 0.7783203125, "flags": {}}, {"label": "huichen", "points": [[2576.0, 1518.0], [2584.0, 1526.0]], "group_id": {}, "shape_type": "rectangle", "score": 0.783203125, "flags": {}}, {"label": "dianzhuang", "points": [[2366.0, 301.0], [2374.0, 309.0]], "group_id": {}, "shape_type": "rectangle", "score": 0.783203125, "flags": {}}, {"label": "huichen", "points": [[2226.0, 2174.0], [2234.0, 2182.0]], "group_id": {}, "shape_type": "rectangle", "score": 0.7841796875, "flags": {}}, {"label": "dianzhuang", "points": [[1106.0, 648.0], [1114.0, 656.0]], "group_id": {}, "shape_type": "rectangle", "score": 0.78466796875, "flags": {}}, {"label": "huichen", "points": [[750.0, 623.0], [758.0, 632.0]], "group_id": {}, "shape_type": "rectangle", "score": 0.78759765625, "flags": {}}, {"label": "dianzhuang", "points": [[3410.0, 1135.0], [3418.0, 1141.0]], "group_id": {}, "shape_type": "rectangle", "score": 0.7919921875, "flags": {}}, {"label": "dianzhuang", "points": [[3520.0, 1507.0], [3528.0, 1515.0]], "group_id": {}, "shape_type": "rectangle", "score": 0.7978515625, "flags": {}}, {"label": "dianzhuang", "points": [[1780.0, 1585.0], [1788.0, 1593.0]], "group_id": {}, "shape_type": "rectangle", "score": 0.80126953125, "flags": {}}, {"label": "huichen", "points": [[810.0, 1154.0], [818.0, 1162.0]], "group_id": {}, "shape_type": "rectangle", "score": 0.80810546875, "flags": {}}, {"label": "dianzhuang", "points": [[3358.0, 447.0], [3370.0, 464.0]], "group_id": {}, "shape_type": "rectangle", "score": 0.849609375, "flags": {}}], "imagePath": "3702-0001-01.jpg", "imageData": null, "imageHeight": 3200, "imageWidth": 3800}