{"version": "4.2.10", "flags": {}, "shapes": [{"label": "huashang", "points": [[3416.0, 2310.0], [3616.0, 2386.0]], "group_id": {}, "shape_type": "rectangle", "score": 0.57958984375, "flags": {}}, {"label": "huashang", "points": [[3478.0, 2314.0], [3614.0, 2354.0]], "group_id": {}, "shape_type": "rectangle", "score": 0.5947265625, "flags": {}}, {"label": "huashang", "points": [[3592.0, 2640.0], [3744.0, 2760.0]], "group_id": {}, "shape_type": "rectangle", "score": 0.6572265625, "flags": {}}, {"label": "huashang", "points": [[1570.0, 984.0], [1676.0, 1014.0]], "group_id": {}, "shape_type": "rectangle", "score": 0.685546875, "flags": {}}, {"label": "huashang", "points": [[3662.0, 2324.0], [3778.0, 2424.0]], "group_id": {}, "shape_type": "rectangle", "score": 0.71435546875, "flags": {}}, {"label": "cashang", "points": [[3502.0, 2846.0], [3574.0, 2890.0]], "group_id": {}, "shape_type": "rectangle", "score": 0.8916015625, "flags": {}}, {"label": "zangwu", "points": [[448.0, 2154.0], [500.0, 2206.0]], "group_id": {}, "shape_type": "rectangle", "score": 0.73828125, "flags": {}}, {"label": "zangwu", "points": [[3504.0, 2846.0], [3572.0, 2886.0]], "group_id": {}, "shape_type": "rectangle", "score": 0.8798828125, "flags": {}}, {"label": "zangwu", "points": [[437.0, 1827.0], [516.0, 1939.0]], "group_id": {}, "shape_type": "rectangle", "score": 0.90234375, "flags": {}}, {"label": "dianzhuang", "points": [[3260.0, 2908.0], [3268.0, 2916.0]], "group_id": {}, "shape_type": "rectangle", "score": 0.650390625, "flags": {}}, {"label": "huichen", "points": [[2998.0, 1617.0], [3006.0, 1623.0]], "group_id": {}, "shape_type": "rectangle", "score": 0.65478515625, "flags": {}}, {"label": "huichen", "points": [[1535.0, 604.0], [1541.0, 611.0]], "group_id": {}, "shape_type": "rectangle", "score": 0.6552734375, "flags": {}}, {"label": "huichen", "points": [[1443.0, 782.0], [1451.0, 790.0]], "group_id": {}, "shape_type": "rectangle", "score": 0.6572265625, "flags": {}}, {"label": "huichen", "points": [[2604.0, 765.0], [2612.0, 775.0]], "group_id": {}, "shape_type": "rectangle", "score": 0.66064453125, "flags": {}}, {"label": "dianzhuang", "points": [[1327.0, 2019.0], [1335.0, 2035.0]], "group_id": {}, "shape_type": "rectangle", "score": 0.66162109375, "flags": {}}, {"label": "dianzhuang", "points": [[11.0, 1495.0], [20.0, 1505.0]], "group_id": {}, "shape_type": "rectangle", "score": 0.6630859375, "flags": {}}, {"label": "dianzhuang", "points": [[3348.0, 3104.0], [3356.0, 3112.0]], "group_id": {}, "shape_type": "rectangle", "score": 0.6640625, "flags": {}}, {"label": "huichen", "points": [[2048.0, 2568.0], [2056.0, 2576.0]], "group_id": {}, "shape_type": "rectangle", "score": 0.6650390625, "flags": {}}, {"label": "huichen", "points": [[2640.0, 1085.0], [2648.0, 1093.0]], "group_id": {}, "shape_type": "rectangle", "score": 0.66845703125, "flags": {}}, {"label": "huichen", "points": [[364.0, 638.0], [372.0, 646.0]], "group_id": {}, "shape_type": "rectangle", "score": 0.671875, "flags": {}}, {"label": "dianzhuang", "points": [[2986.0, 3140.0], [2994.0, 3148.0]], "group_id": {}, "shape_type": "rectangle", "score": 0.6728515625, "flags": {}}, {"label": "huichen", "points": [[735.0, 1338.0], [743.0, 1346.0]], "group_id": {}, "shape_type": "rectangle", "score": 0.67333984375, "flags": {}}, {"label": "huichen", "points": [[1728.0, 512.0], [1736.0, 520.0]], "group_id": {}, "shape_type": "rectangle", "score": 0.6787109375, "flags": {}}, {"label": "huichen", "points": [[3190.0, 3054.0], [3198.0, 3062.0]], "group_id": {}, "shape_type": "rectangle", "score": 0.6806640625, "flags": {}}, {"label": "huichen", "points": [[1550.0, 2566.0], [1556.0, 2574.0]], "group_id": {}, "shape_type": "rectangle", "score": 0.6826171875, "flags": {}}, {"label": "huichen", "points": [[1819.0, 95.0], [1827.0, 104.0]], "group_id": {}, "shape_type": "rectangle", "score": 0.68359375, "flags": {}}, {"label": "huichen", "points": [[1364.0, 2792.0], [1372.0, 2800.0]], "group_id": {}, "shape_type": "rectangle", "score": 0.68701171875, "flags": {}}, {"label": "huichen", "points": [[2034.0, 1861.0], [2040.0, 1867.0]], "group_id": {}, "shape_type": "rectangle", "score": 0.68896484375, "flags": {}}, {"label": "huichen", "points": [[2192.0, 2924.0], [2200.0, 2932.0]], "group_id": {}, "shape_type": "rectangle", "score": 0.6904296875, "flags": {}}, {"label": "huichen", "points": [[2438.0, 2708.0], [2446.0, 2716.0]], "group_id": {}, "shape_type": "rectangle", "score": 0.6923828125, "flags": {}}, {"label": "huichen", "points": [[2440.0, 62.0], [2448.0, 70.0]], "group_id": {}, "shape_type": "rectangle", "score": 0.69384765625, "flags": {}}, {"label": "huichen", "points": [[2988.0, 1866.0], [2996.0, 1874.0]], "group_id": {}, "shape_type": "rectangle", "score": 0.69482421875, "flags": {}}, {"label": "huichen", "points": [[2734.0, 812.0], [2742.0, 819.0]], "group_id": {}, "shape_type": "rectangle", "score": 0.6953125, "flags": {}}, {"label": "huichen", "points": [[1544.0, 2748.0], [1550.0, 2756.0]], "group_id": {}, "shape_type": "rectangle", "score": 0.6953125, "flags": {}}, {"label": "dianzhuang", "points": [[1334.0, 318.0], [1344.0, 327.0]], "group_id": {}, "shape_type": "rectangle", "score": 0.69873046875, "flags": {}}, {"label": "huichen", "points": [[2514.0, 638.0], [2518.0, 644.0]], "group_id": {}, "shape_type": "rectangle", "score": 0.7001953125, "flags": {}}, {"label": "huichen", "points": [[2908.0, 2190.0], [2912.0, 2194.0]], "group_id": {}, "shape_type": "rectangle", "score": 0.7021484375, "flags": {}}, {"label": "huichen", "points": [[831.0, 1059.0], [838.0, 1067.0]], "group_id": {}, "shape_type": "rectangle", "score": 0.70361328125, "flags": {}}, {"label": "huichen", "points": [[2568.0, 812.0], [2576.0, 822.0]], "group_id": {}, "shape_type": "rectangle", "score": 0.70849609375, "flags": {}}, {"label": "huichen", "points": [[1118.0, 1923.0], [1124.0, 1929.0]], "group_id": {}, "shape_type": "rectangle", "score": 0.7099609375, "flags": {}}, {"label": "dianzhuang", "points": [[2968.0, 2862.0], [2976.0, 2870.0]], "group_id": {}, "shape_type": "rectangle", "score": 0.7099609375, "flags": {}}, {"label": "huichen", "points": [[1599.0, 1186.0], [1605.0, 1192.0]], "group_id": {}, "shape_type": "rectangle", "score": 0.7099609375, "flags": {}}, {"label": "huichen", "points": [[2448.0, 690.0], [2456.0, 696.0]], "group_id": {}, "shape_type": "rectangle", "score": 0.7119140625, "flags": {}}, {"label": "dianzhuang", "points": [[46.0, 2126.0], [54.0, 2134.0]], "group_id": {}, "shape_type": "rectangle", "score": 0.7119140625, "flags": {}}, {"label": "huichen", "points": [[722.0, 1304.0], [731.0, 1312.0]], "group_id": {}, "shape_type": "rectangle", "score": 0.7119140625, "flags": {}}, {"label": "huichen", "points": [[158.0, 2276.0], [173.0, 2288.0]], "group_id": {}, "shape_type": "rectangle", "score": 0.71435546875, "flags": {}}, {"label": "dianzhuang", "points": [[2396.0, 2456.0], [2404.0, 2464.0]], "group_id": {}, "shape_type": "rectangle", "score": 0.71435546875, "flags": {}}, {"label": "dianzhuang", "points": [[1155.0, 1734.0], [1163.0, 1742.0]], "group_id": {}, "shape_type": "rectangle", "score": 0.7158203125, "flags": {}}, {"label": "huichen", "points": [[1141.0, 2342.0], [1149.0, 2350.0]], "group_id": {}, "shape_type": "rectangle", "score": 0.71630859375, "flags": {}}, {"label": "huichen", "points": [[492.0, 2172.0], [499.0, 2180.0]], "group_id": {}, "shape_type": "rectangle", "score": 0.71630859375, "flags": {}}, {"label": "huichen", "points": [[464.0, 2628.0], [473.0, 2636.0]], "group_id": {}, "shape_type": "rectangle", "score": 0.71826171875, "flags": {}}, {"label": "dianzhuang", "points": [[2598.0, 2570.0], [2606.0, 2578.0]], "group_id": {}, "shape_type": "rectangle", "score": 0.71826171875, "flags": {}}, {"label": "huichen", "points": [[1725.0, 2946.0], [1731.0, 2954.0]], "group_id": {}, "shape_type": "rectangle", "score": 0.7197265625, "flags": {}}, {"label": "dianzhuang", "points": [[2392.0, 2496.0], [2400.0, 2504.0]], "group_id": {}, "shape_type": "rectangle", "score": 0.72119140625, "flags": {}}, {"label": "huichen", "points": [[2800.0, 2220.0], [2808.0, 2224.0]], "group_id": {}, "shape_type": "rectangle", "score": 0.72216796875, "flags": {}}, {"label": "huichen", "points": [[3338.0, 724.0], [3346.0, 730.0]], "group_id": {}, "shape_type": "rectangle", "score": 0.7275390625, "flags": {}}, {"label": "huichen", "points": [[1278.0, 2516.0], [1286.0, 2524.0]], "group_id": {}, "shape_type": "rectangle", "score": 0.72900390625, "flags": {}}, {"label": "dianzhuang", "points": [[3736.0, 2648.0], [3744.0, 2656.0]], "group_id": {}, "shape_type": "rectangle", "score": 0.73046875, "flags": {}}, {"label": "dianzhuang", "points": [[2422.0, 2170.0], [2430.0, 2178.0]], "group_id": {}, "shape_type": "rectangle", "score": 0.73193359375, "flags": {}}, {"label": "huichen", "points": [[2534.0, 3096.0], [2542.0, 3104.0]], "group_id": {}, "shape_type": "rectangle", "score": 0.73193359375, "flags": {}}, {"label": "huichen", "points": [[1796.0, 1444.0], [1802.0, 1450.0]], "group_id": {}, "shape_type": "rectangle", "score": 0.7333984375, "flags": {}}, {"label": "huichen", "points": [[621.0, 2828.0], [628.0, 2836.0]], "group_id": {}, "shape_type": "rectangle", "score": 0.7353515625, "flags": {}}, {"label": "dianzhuang", "points": [[153.0, 1118.0], [164.0, 1128.0]], "group_id": {}, "shape_type": "rectangle", "score": 0.73681640625, "flags": {}}, {"label": "dianzhuang", "points": [[482.0, 2102.0], [490.0, 2110.0]], "group_id": {}, "shape_type": "rectangle", "score": 0.73828125, "flags": {}}, {"label": "huichen", "points": [[3072.0, 1167.0], [3080.0, 1173.0]], "group_id": {}, "shape_type": "rectangle", "score": 0.7412109375, "flags": {}}, {"label": "huichen", "points": [[534.0, 3080.0], [542.0, 3088.0]], "group_id": {}, "shape_type": "rectangle", "score": 0.7412109375, "flags": {}}, {"label": "dianzhuang", "points": [[2030.0, 2550.0], [2036.0, 2554.0]], "group_id": {}, "shape_type": "rectangle", "score": 0.7421875, "flags": {}}, {"label": "huichen", "points": [[295.0, 2112.0], [304.0, 2120.0]], "group_id": {}, "shape_type": "rectangle", "score": 0.74462890625, "flags": {}}, {"label": "dianzhuang", "points": [[3686.0, 1391.0], [3694.0, 1399.0]], "group_id": {}, "shape_type": "rectangle", "score": 0.74951171875, "flags": {}}, {"label": "huichen", "points": [[2274.0, 2436.0], [2282.0, 2444.0]], "group_id": {}, "shape_type": "rectangle", "score": 0.75, "flags": {}}, {"label": "huichen", "points": [[2594.0, 710.0], [2602.0, 716.0]], "group_id": {}, "shape_type": "rectangle", "score": 0.7509765625, "flags": {}}, {"label": "dianzhuang", "points": [[3710.0, 1391.0], [3718.0, 1399.0]], "group_id": {}, "shape_type": "rectangle", "score": 0.75244140625, "flags": {}}, {"label": "huichen", "points": [[2572.0, 2530.0], [2580.0, 2538.0]], "group_id": {}, "shape_type": "rectangle", "score": 0.75537109375, "flags": {}}, {"label": "huichen", "points": [[1912.0, 2602.0], [1918.0, 2606.0]], "group_id": {}, "shape_type": "rectangle", "score": 0.75537109375, "flags": {}}, {"label": "dianzhuang", "points": [[2894.0, 379.0], [2902.0, 385.0]], "group_id": {}, "shape_type": "rectangle", "score": 0.75732421875, "flags": {}}, {"label": "dianzhuang", "points": [[1063.0, 828.0], [1073.0, 838.0]], "group_id": {}, "shape_type": "rectangle", "score": 0.75830078125, "flags": {}}, {"label": "huichen", "points": [[1692.0, 2806.0], [1700.0, 2814.0]], "group_id": {}, "shape_type": "rectangle", "score": 0.7587890625, "flags": {}}, {"label": "huichen", "points": [[2854.0, 2072.0], [2862.0, 2080.0]], "group_id": {}, "shape_type": "rectangle", "score": 0.7587890625, "flags": {}}, {"label": "huichen", "points": [[1133.0, 2260.0], [1141.0, 2268.0]], "group_id": {}, "shape_type": "rectangle", "score": 0.759765625, "flags": {}}, {"label": "dianzhuang", "points": [[37.0, 2746.0], [46.0, 2754.0]], "group_id": {}, "shape_type": "rectangle", "score": 0.763671875, "flags": {}}, {"label": "huichen", "points": [[1980.0, 400.0], [1988.0, 408.0]], "group_id": {}, "shape_type": "rectangle", "score": 0.76513671875, "flags": {}}, {"label": "huichen", "points": [[1749.0, 3088.0], [1757.0, 3096.0]], "group_id": {}, "shape_type": "rectangle", "score": 0.76513671875, "flags": {}}, {"label": "huichen", "points": [[2222.0, 2043.0], [2230.0, 2050.0]], "group_id": {}, "shape_type": "rectangle", "score": 0.7666015625, "flags": {}}, {"label": "huichen", "points": [[2272.0, 1388.0], [2280.0, 1394.0]], "group_id": {}, "shape_type": "rectangle", "score": 0.7666015625, "flags": {}}, {"label": "dianzhuang", "points": [[1465.0, 39.0], [1475.0, 48.0]], "group_id": {}, "shape_type": "rectangle", "score": 0.76708984375, "flags": {}}, {"label": "dianzhuang", "points": [[2440.0, 90.0], [2448.0, 97.0]], "group_id": {}, "shape_type": "rectangle", "score": 0.76708984375, "flags": {}}, {"label": "huichen", "points": [[2842.0, 778.0], [2850.0, 784.0]], "group_id": {}, "shape_type": "rectangle", "score": 0.7685546875, "flags": {}}, {"label": "huichen", "points": [[3380.0, 2764.0], [3388.0, 2772.0]], "group_id": {}, "shape_type": "rectangle", "score": 0.77099609375, "flags": {}}, {"label": "dianzhuang", "points": [[3234.0, 760.0], [3242.0, 767.0]], "group_id": {}, "shape_type": "rectangle", "score": 0.7724609375, "flags": {}}, {"label": "dianzhuang", "points": [[1959.0, 2904.0], [1965.0, 2912.0]], "group_id": {}, "shape_type": "rectangle", "score": 0.7734375, "flags": {}}, {"label": "dianzhuang", "points": [[3088.0, 756.0], [3096.0, 764.0]], "group_id": {}, "shape_type": "rectangle", "score": 0.775390625, "flags": {}}, {"label": "dianzhuang", "points": [[3228.0, 2948.0], [3236.0, 2956.0]], "group_id": {}, "shape_type": "rectangle", "score": 0.7763671875, "flags": {}}, {"label": "dianzhuang", "points": [[769.0, 1339.0], [780.0, 1349.0]], "group_id": {}, "shape_type": "rectangle", "score": 0.78076171875, "flags": {}}, {"label": "dianzhuang", "points": [[3342.0, 2828.0], [3350.0, 2836.0]], "group_id": {}, "shape_type": "rectangle", "score": 0.7822265625, "flags": {}}, {"label": "dianzhuang", "points": [[1906.0, 530.0], [1912.0, 536.0]], "group_id": {}, "shape_type": "rectangle", "score": 0.7841796875, "flags": {}}, {"label": "dianzhuang", "points": [[2576.0, 2700.0], [2588.0, 2708.0]], "group_id": {}, "shape_type": "rectangle", "score": 0.7841796875, "flags": {}}, {"label": "dianzhuang", "points": [[2428.0, 2722.0], [2436.0, 2730.0]], "group_id": {}, "shape_type": "rectangle", "score": 0.78466796875, "flags": {}}, {"label": "dianzhuang", "points": [[2512.0, 3064.0], [2524.0, 3076.0]], "group_id": {}, "shape_type": "rectangle", "score": 0.78466796875, "flags": {}}, {"label": "huichen", "points": [[517.0, 2680.0], [525.0, 2688.0]], "group_id": {}, "shape_type": "rectangle", "score": 0.78466796875, "flags": {}}, {"label": "huichen", "points": [[1424.0, 2872.0], [1430.0, 2880.0]], "group_id": {}, "shape_type": "rectangle", "score": 0.78564453125, "flags": {}}, {"label": "huichen", "points": [[2610.0, 628.0], [2618.0, 634.0]], "group_id": {}, "shape_type": "rectangle", "score": 0.78564453125, "flags": {}}, {"label": "dianzhuang", "points": [[3428.0, 2800.0], [3436.0, 2808.0]], "group_id": {}, "shape_type": "rectangle", "score": 0.7861328125, "flags": {}}, {"label": "dianzhuang", "points": [[2930.0, 816.0], [2938.0, 822.0]], "group_id": {}, "shape_type": "rectangle", "score": 0.78759765625, "flags": {}}, {"label": "dianzhuang", "points": [[2980.0, 1581.0], [2988.0, 1591.0]], "group_id": {}, "shape_type": "rectangle", "score": 0.7900390625, "flags": {}}, {"label": "dianzhuang", "points": [[2906.0, 2872.0], [2914.0, 2880.0]], "group_id": {}, "shape_type": "rectangle", "score": 0.7900390625, "flags": {}}, {"label": "huichen", "points": [[1946.0, 1378.0], [1954.0, 1386.0]], "group_id": {}, "shape_type": "rectangle", "score": 0.7900390625, "flags": {}}, {"label": "dianzhuang", "points": [[652.0, 2216.0], [660.0, 2224.0]], "group_id": {}, "shape_type": "rectangle", "score": 0.79150390625, "flags": {}}, {"label": "huichen", "points": [[2730.0, 2470.0], [2738.0, 2478.0]], "group_id": {}, "shape_type": "rectangle", "score": 0.79541015625, "flags": {}}, {"label": "dianzhuang", "points": [[1924.0, 2956.0], [1932.0, 2964.0]], "group_id": {}, "shape_type": "rectangle", "score": 0.79541015625, "flags": {}}, {"label": "dianzhuang", "points": [[3702.0, 1689.0], [3710.0, 1697.0]], "group_id": {}, "shape_type": "rectangle", "score": 0.79833984375, "flags": {}}, {"label": "dianzhuang", "points": [[3074.0, 2134.0], [3082.0, 2142.0]], "group_id": {}, "shape_type": "rectangle", "score": 0.80029296875, "flags": {}}, {"label": "dianzhuang", "points": [[2746.0, 702.0], [2754.0, 712.0]], "group_id": {}, "shape_type": "rectangle", "score": 0.80078125, "flags": {}}, {"label": "huichen", "points": [[262.0, 2226.0], [269.0, 2234.0]], "group_id": {}, "shape_type": "rectangle", "score": 0.802734375, "flags": {}}, {"label": "dianzhuang", "points": [[2124.0, 2688.0], [2136.0, 2696.0]], "group_id": {}, "shape_type": "rectangle", "score": 0.8037109375, "flags": {}}, {"label": "dianzhuang", "points": [[2946.0, 2674.0], [2954.0, 2682.0]], "group_id": {}, "shape_type": "rectangle", "score": 0.80517578125, "flags": {}}, {"label": "dianzhuang", "points": [[2992.0, 1411.0], [3000.0, 1419.0]], "group_id": {}, "shape_type": "rectangle", "score": 0.8076171875, "flags": {}}, {"label": "dianzhuang", "points": [[471.0, 2874.0], [480.0, 2882.0]], "group_id": {}, "shape_type": "rectangle", "score": 0.81005859375, "flags": {}}, {"label": "dianzhuang", "points": [[2944.0, 1271.0], [2952.0, 1281.0]], "group_id": {}, "shape_type": "rectangle", "score": 0.8125, "flags": {}}, {"label": "dianzhuang", "points": [[1362.0, 456.0], [1380.0, 474.0]], "group_id": {}, "shape_type": "rectangle", "score": 0.82177734375, "flags": {}}, {"label": "dianzhuang", "points": [[3758.0, 1809.0], [3770.0, 1819.0]], "group_id": {}, "shape_type": "rectangle", "score": 0.833984375, "flags": {}}, {"label": "dianzhuang", "points": [[1988.0, 2986.0], [2002.0, 3002.0]], "group_id": {}, "shape_type": "rectangle", "score": 0.83544921875, "flags": {}}, {"label": "dianzhuang", "points": [[2004.0, 2910.0], [2022.0, 2942.0]], "group_id": {}, "shape_type": "rectangle", "score": 0.9091796875, "flags": {}}, {"label": "dianzhuang", "points": [[2444.0, 2938.0], [2464.0, 2970.0]], "group_id": {}, "shape_type": "rectangle", "score": 0.92333984375, "flags": {}}], "imagePath": "3702-0011-01.jpg", "imageData": null, "imageHeight": 3200, "imageWidth": 3800}