{"version": "4.2.10", "flags": {}, "shapes": [{"label": "zangwu", "points": [[2620.0, 30.0], [2704.0, 83.0]], "group_id": {}, "shape_type": "rectangle", "score": 0.68310546875, "flags": {}}, {"label": "huichen", "points": [[524.0, 1821.0], [534.0, 1829.0]], "group_id": {}, "shape_type": "rectangle", "score": 0.6533203125, "flags": {}}, {"label": "dianzhuang", "points": [[0.0, 719.0], [7.0, 740.0]], "group_id": {}, "shape_type": "rectangle", "score": 0.6533203125, "flags": {}}, {"label": "dianzhuang", "points": [[569.0, 2464.0], [576.0, 2472.0]], "group_id": {}, "shape_type": "rectangle", "score": 0.65625, "flags": {}}, {"label": "huichen", "points": [[3050.0, 1816.0], [3058.0, 1822.0]], "group_id": {}, "shape_type": "rectangle", "score": 0.66162109375, "flags": {}}, {"label": "huichen", "points": [[3790.0, 1613.0], [3798.0, 1619.0]], "group_id": {}, "shape_type": "rectangle", "score": 0.66259765625, "flags": {}}, {"label": "huichen", "points": [[1207.0, 2258.0], [1215.0, 2266.0]], "group_id": {}, "shape_type": "rectangle", "score": 0.66796875, "flags": {}}, {"label": "huichen", "points": [[1199.0, 1644.0], [1207.0, 1652.0]], "group_id": {}, "shape_type": "rectangle", "score": 0.67626953125, "flags": {}}, {"label": "dianzhuang", "points": [[1446.0, 207.0], [1452.0, 214.0]], "group_id": {}, "shape_type": "rectangle", "score": 0.681640625, "flags": {}}, {"label": "huichen", "points": [[1296.0, 1602.0], [1302.0, 1608.0]], "group_id": {}, "shape_type": "rectangle", "score": 0.68359375, "flags": {}}, {"label": "dianzhuang", "points": [[1253.0, 1742.0], [1259.0, 1748.0]], "group_id": {}, "shape_type": "rectangle", "score": 0.6845703125, "flags": {}}, {"label": "huichen", "points": [[3494.0, 1129.0], [3502.0, 1137.0]], "group_id": {}, "shape_type": "rectangle", "score": 0.68896484375, "flags": {}}, {"label": "huichen", "points": [[171.0, 344.0], [180.0, 354.0]], "group_id": {}, "shape_type": "rectangle", "score": 0.6904296875, "flags": {}}, {"label": "dianzhuang", "points": [[2596.0, 2618.0], [2604.0, 2626.0]], "group_id": {}, "shape_type": "rectangle", "score": 0.6904296875, "flags": {}}, {"label": "huichen", "points": [[396.0, 348.0], [404.0, 355.0]], "group_id": {}, "shape_type": "rectangle", "score": 0.69873046875, "flags": {}}, {"label": "huichen", "points": [[282.0, 2596.0], [294.0, 2608.0]], "group_id": {}, "shape_type": "rectangle", "score": 0.701171875, "flags": {}}, {"label": "huichen", "points": [[3398.0, 1813.0], [3406.0, 1819.0]], "group_id": {}, "shape_type": "rectangle", "score": 0.70703125, "flags": {}}, {"label": "huichen", "points": [[3544.0, 600.0], [3552.0, 608.0]], "group_id": {}, "shape_type": "rectangle", "score": 0.70849609375, "flags": {}}, {"label": "huichen", "points": [[1040.0, 1225.0], [1048.0, 1233.0]], "group_id": {}, "shape_type": "rectangle", "score": 0.71826171875, "flags": {}}, {"label": "huichen", "points": [[3216.0, 1233.0], [3224.0, 1241.0]], "group_id": {}, "shape_type": "rectangle", "score": 0.7197265625, "flags": {}}, {"label": "dianzhuang", "points": [[1582.0, 1601.0], [1590.0, 1607.0]], "group_id": {}, "shape_type": "rectangle", "score": 0.7197265625, "flags": {}}, {"label": "huichen", "points": [[3636.0, 338.0], [3644.0, 346.0]], "group_id": {}, "shape_type": "rectangle", "score": 0.72119140625, "flags": {}}, {"label": "huichen", "points": [[2102.0, 1691.0], [2110.0, 1697.0]], "group_id": {}, "shape_type": "rectangle", "score": 0.7275390625, "flags": {}}, {"label": "huichen", "points": [[1550.0, 652.0], [1560.0, 660.0]], "group_id": {}, "shape_type": "rectangle", "score": 0.7353515625, "flags": {}}, {"label": "huichen", "points": [[1206.0, 590.0], [1214.0, 598.0]], "group_id": {}, "shape_type": "rectangle", "score": 0.7412109375, "flags": {}}, {"label": "huichen", "points": [[3308.0, 1734.0], [3316.0, 1740.0]], "group_id": {}, "shape_type": "rectangle", "score": 0.7470703125, "flags": {}}, {"label": "huichen", "points": [[2804.0, 2594.0], [2812.0, 2602.0]], "group_id": {}, "shape_type": "rectangle", "score": 0.748046875, "flags": {}}, {"label": "huichen", "points": [[1099.0, 1510.0], [1107.0, 1516.0]], "group_id": {}, "shape_type": "rectangle", "score": 0.76953125, "flags": {}}, {"label": "huichen", "points": [[3486.0, 560.0], [3494.0, 567.0]], "group_id": {}, "shape_type": "rectangle", "score": 0.77001953125, "flags": {}}, {"label": "dianzhuang", "points": [[1716.0, 1323.0], [1726.0, 1331.0]], "group_id": {}, "shape_type": "rectangle", "score": 0.775390625, "flags": {}}, {"label": "huichen", "points": [[3162.0, 1245.0], [3170.0, 1253.0]], "group_id": {}, "shape_type": "rectangle", "score": 0.7783203125, "flags": {}}, {"label": "dianzhuang", "points": [[3558.0, 1914.0], [3566.0, 1922.0]], "group_id": {}, "shape_type": "rectangle", "score": 0.7802734375, "flags": {}}, {"label": "dianzhuang", "points": [[1851.0, 2698.0], [1859.0, 2706.0]], "group_id": {}, "shape_type": "rectangle", "score": 0.78076171875, "flags": {}}, {"label": "huichen", "points": [[1474.0, 1295.0], [1482.0, 1303.0]], "group_id": {}, "shape_type": "rectangle", "score": 0.79248046875, "flags": {}}, {"label": "dianzhuang", "points": [[3440.0, 11.0], [3448.0, 19.0]], "group_id": {}, "shape_type": "rectangle", "score": 0.79248046875, "flags": {}}, {"label": "dianzhuang", "points": [[3616.0, 354.0], [3624.0, 360.0]], "group_id": {}, "shape_type": "rectangle", "score": 0.79833984375, "flags": {}}, {"label": "dianzhuang", "points": [[3032.0, 1989.0], [3044.0, 2001.0]], "group_id": {}, "shape_type": "rectangle", "score": 0.80517578125, "flags": {}}, {"label": "dianzhuang", "points": [[3140.0, 2970.0], [3152.0, 2982.0]], "group_id": {}, "shape_type": "rectangle", "score": 0.8056640625, "flags": {}}, {"label": "dianzhuang", "points": [[2015.0, 1787.0], [2023.0, 1795.0]], "group_id": {}, "shape_type": "rectangle", "score": 0.8125, "flags": {}}], "imagePath": "3702-0008-01.jpg", "imageData": null, "imageHeight": 3200, "imageWidth": 3800}