{"version": "4.2.10", "flags": {}, "shapes": [{"label": "huashang", "points": [[2810.0, 2560.0], [2866.0, 2652.0]], "group_id": {}, "shape_type": "rectangle", "score": 0.5380859375, "flags": {}}, {"label": "huashang", "points": [[2596.0, 2708.0], [2728.0, 2736.0]], "group_id": {}, "shape_type": "rectangle", "score": 0.54541015625, "flags": {}}, {"label": "huashang", "points": [[2574.0, 2192.0], [2818.0, 2304.0]], "group_id": {}, "shape_type": "rectangle", "score": 0.55810546875, "flags": {}}, {"label": "huashang", "points": [[2708.0, 2648.0], [2812.0, 2744.0]], "group_id": {}, "shape_type": "rectangle", "score": 0.62841796875, "flags": {}}, {"label": "huashang", "points": [[2318.0, 2294.0], [2530.0, 2398.0]], "group_id": {}, "shape_type": "rectangle", "score": 0.6650390625, "flags": {}}, {"label": "huashang", "points": [[620.0, 2616.0], [664.0, 2640.0]], "group_id": {}, "shape_type": "rectangle", "score": 0.6806640625, "flags": {}}, {"label": "huashang", "points": [[3552.0, 953.0], [3632.0, 994.0]], "group_id": {}, "shape_type": "rectangle", "score": 0.86376953125, "flags": {}}, {"label": "zangwu", "points": [[1454.0, 2832.0], [1550.0, 2864.0]], "group_id": {}, "shape_type": "rectangle", "score": 0.65234375, "flags": {}}, {"label": "zangwu", "points": [[370.0, 73.0], [534.0, 219.0]], "group_id": {}, "shape_type": "rectangle", "score": 0.69580078125, "flags": {}}, {"label": "zangwu", "points": [[3708.0, 1009.0], [3800.0, 1087.0]], "group_id": {}, "shape_type": "rectangle", "score": 0.71826171875, "flags": {}}, {"label": "zangwu", "points": [[2.0, 1633.0], [49.0, 1733.0]], "group_id": {}, "shape_type": "rectangle", "score": 0.73974609375, "flags": {}}, {"label": "zangwu", "points": [[332.0, 2478.0], [362.0, 2562.0]], "group_id": {}, "shape_type": "rectangle", "score": 0.74658203125, "flags": {}}, {"label": "zangwu", "points": [[2592.0, 2480.0], [2616.0, 2504.0]], "group_id": {}, "shape_type": "rectangle", "score": 0.7861328125, "flags": {}}, {"label": "zangwu", "points": [[624.0, 788.0], [664.0, 843.0]], "group_id": {}, "shape_type": "rectangle", "score": 0.83544921875, "flags": {}}, {"label": "zangwu", "points": [[1787.0, 1328.0], [1861.0, 1390.0]], "group_id": {}, "shape_type": "rectangle", "score": 0.83935546875, "flags": {}}, {"label": "dianzhuang", "points": [[1020.0, 308.0], [1028.0, 316.0]], "group_id": {}, "shape_type": "rectangle", "score": 0.654296875, "flags": {}}, {"label": "huichen", "points": [[2436.0, 1951.0], [2444.0, 1957.0]], "group_id": {}, "shape_type": "rectangle", "score": 0.654296875, "flags": {}}, {"label": "huichen", "points": [[496.0, 1302.0], [503.0, 1308.0]], "group_id": {}, "shape_type": "rectangle", "score": 0.6552734375, "flags": {}}, {"label": "dianzhuang", "points": [[830.0, 445.0], [840.0, 455.0]], "group_id": {}, "shape_type": "rectangle", "score": 0.65576171875, "flags": {}}, {"label": "huichen", "points": [[1851.0, 417.0], [1857.0, 424.0]], "group_id": {}, "shape_type": "rectangle", "score": 0.65625, "flags": {}}, {"label": "huichen", "points": [[442.0, 1192.0], [450.0, 1200.0]], "group_id": {}, "shape_type": "rectangle", "score": 0.65625, "flags": {}}, {"label": "huichen", "points": [[5.0, 1084.0], [11.0, 1092.0]], "group_id": {}, "shape_type": "rectangle", "score": 0.6572265625, "flags": {}}, {"label": "dianzhuang", "points": [[219.0, 276.0], [226.0, 283.0]], "group_id": {}, "shape_type": "rectangle", "score": 0.65966796875, "flags": {}}, {"label": "huichen", "points": [[1261.0, 876.0], [1267.0, 884.0]], "group_id": {}, "shape_type": "rectangle", "score": 0.66064453125, "flags": {}}, {"label": "dianzhuang", "points": [[55.0, 607.0], [64.0, 616.0]], "group_id": {}, "shape_type": "rectangle", "score": 0.66162109375, "flags": {}}, {"label": "dianzhuang", "points": [[3064.0, 120.0], [3072.0, 129.0]], "group_id": {}, "shape_type": "rectangle", "score": 0.662109375, "flags": {}}, {"label": "huichen", "points": [[2098.0, 652.0], [2106.0, 658.0]], "group_id": {}, "shape_type": "rectangle", "score": 0.662109375, "flags": {}}, {"label": "huichen", "points": [[78.0, 2050.0], [86.0, 2058.0]], "group_id": {}, "shape_type": "rectangle", "score": 0.6640625, "flags": {}}, {"label": "dianzhuang", "points": [[1114.0, 83.0], [1122.0, 91.0]], "group_id": {}, "shape_type": "rectangle", "score": 0.6640625, "flags": {}}, {"label": "dianzhuang", "points": [[3652.0, 2800.0], [3660.0, 2808.0]], "group_id": {}, "shape_type": "rectangle", "score": 0.6650390625, "flags": {}}, {"label": "dianzhuang", "points": [[422.0, 340.0], [430.0, 346.0]], "group_id": {}, "shape_type": "rectangle", "score": 0.666015625, "flags": {}}, {"label": "huichen", "points": [[444.0, 777.0], [451.0, 783.0]], "group_id": {}, "shape_type": "rectangle", "score": 0.66748046875, "flags": {}}, {"label": "huichen", "points": [[3194.0, 3106.0], [3202.0, 3114.0]], "group_id": {}, "shape_type": "rectangle", "score": 0.66748046875, "flags": {}}, {"label": "dianzhuang", "points": [[2270.0, 423.0], [2278.0, 431.0]], "group_id": {}, "shape_type": "rectangle", "score": 0.66748046875, "flags": {}}, {"label": "dianzhuang", "points": [[1549.0, 3158.0], [1555.0, 3166.0]], "group_id": {}, "shape_type": "rectangle", "score": 0.66943359375, "flags": {}}, {"label": "huichen", "points": [[3080.0, 1486.0], [3088.0, 1492.0]], "group_id": {}, "shape_type": "rectangle", "score": 0.671875, "flags": {}}, {"label": "huichen", "points": [[1468.0, 65.0], [1476.0, 73.0]], "group_id": {}, "shape_type": "rectangle", "score": 0.67333984375, "flags": {}}, {"label": "huichen", "points": [[3768.0, 1583.0], [3776.0, 1591.0]], "group_id": {}, "shape_type": "rectangle", "score": 0.6767578125, "flags": {}}, {"label": "dianzhuang", "points": [[2304.0, 421.0], [2308.0, 427.0]], "group_id": {}, "shape_type": "rectangle", "score": 0.67919921875, "flags": {}}, {"label": "huichen", "points": [[3006.0, 126.0], [3014.0, 133.0]], "group_id": {}, "shape_type": "rectangle", "score": 0.681640625, "flags": {}}, {"label": "huichen", "points": [[1442.0, 666.0], [1448.0, 674.0]], "group_id": {}, "shape_type": "rectangle", "score": 0.68359375, "flags": {}}, {"label": "huichen", "points": [[1384.0, 291.0], [1392.0, 300.0]], "group_id": {}, "shape_type": "rectangle", "score": 0.6845703125, "flags": {}}, {"label": "huichen", "points": [[1841.0, 684.0], [1847.0, 692.0]], "group_id": {}, "shape_type": "rectangle", "score": 0.6884765625, "flags": {}}, {"label": "huichen", "points": [[1578.0, 413.0], [1586.0, 420.0]], "group_id": {}, "shape_type": "rectangle", "score": 0.68896484375, "flags": {}}, {"label": "huichen", "points": [[3742.0, 804.0], [3750.0, 810.0]], "group_id": {}, "shape_type": "rectangle", "score": 0.6923828125, "flags": {}}, {"label": "huichen", "points": [[995.0, 2428.0], [1004.0, 2436.0]], "group_id": {}, "shape_type": "rectangle", "score": 0.6923828125, "flags": {}}, {"label": "huichen", "points": [[1118.0, 982.0], [1124.0, 988.0]], "group_id": {}, "shape_type": "rectangle", "score": 0.6923828125, "flags": {}}, {"label": "dianzhuang", "points": [[1225.0, 52.0], [1231.0, 60.0]], "group_id": {}, "shape_type": "rectangle", "score": 0.6943359375, "flags": {}}, {"label": "huichen", "points": [[1045.0, 641.0], [1051.0, 647.0]], "group_id": {}, "shape_type": "rectangle", "score": 0.69482421875, "flags": {}}, {"label": "dianzhuang", "points": [[483.0, 3006.0], [490.0, 3014.0]], "group_id": {}, "shape_type": "rectangle", "score": 0.6953125, "flags": {}}, {"label": "huichen", "points": [[972.0, 2930.0], [979.0, 2938.0]], "group_id": {}, "shape_type": "rectangle", "score": 0.6953125, "flags": {}}, {"label": "dianzhuang", "points": [[1456.0, 20.0], [1464.0, 29.0]], "group_id": {}, "shape_type": "rectangle", "score": 0.6953125, "flags": {}}, {"label": "dianzhuang", "points": [[3698.0, 858.0], [3706.0, 867.0]], "group_id": {}, "shape_type": "rectangle", "score": 0.697265625, "flags": {}}, {"label": "huichen", "points": [[672.0, 616.0], [679.0, 624.0]], "group_id": {}, "shape_type": "rectangle", "score": 0.69873046875, "flags": {}}, {"label": "huichen", "points": [[1942.0, 2086.0], [1950.0, 2094.0]], "group_id": {}, "shape_type": "rectangle", "score": 0.7001953125, "flags": {}}, {"label": "dianzhuang", "points": [[1207.0, 774.0], [1213.0, 780.0]], "group_id": {}, "shape_type": "rectangle", "score": 0.7001953125, "flags": {}}, {"label": "dianzhuang", "points": [[2462.0, 369.0], [2470.0, 378.0]], "group_id": {}, "shape_type": "rectangle", "score": 0.7001953125, "flags": {}}, {"label": "huichen", "points": [[3320.0, 3100.0], [3328.0, 3108.0]], "group_id": {}, "shape_type": "rectangle", "score": 0.7021484375, "flags": {}}, {"label": "dianzhuang", "points": [[2004.0, 347.0], [2010.0, 353.0]], "group_id": {}, "shape_type": "rectangle", "score": 0.7021484375, "flags": {}}, {"label": "huichen", "points": [[688.0, 392.0], [696.0, 400.0]], "group_id": {}, "shape_type": "rectangle", "score": 0.70361328125, "flags": {}}, {"label": "huichen", "points": [[2356.0, 2672.0], [2364.0, 2680.0]], "group_id": {}, "shape_type": "rectangle", "score": 0.705078125, "flags": {}}, {"label": "huichen", "points": [[603.0, 496.0], [610.0, 503.0]], "group_id": {}, "shape_type": "rectangle", "score": 0.705078125, "flags": {}}, {"label": "huichen", "points": [[1326.0, 1149.0], [1332.0, 1155.0]], "group_id": {}, "shape_type": "rectangle", "score": 0.70849609375, "flags": {}}, {"label": "dianzhuang", "points": [[2726.0, 37.0], [2734.0, 46.0]], "group_id": {}, "shape_type": "rectangle", "score": 0.70947265625, "flags": {}}, {"label": "huichen", "points": [[3050.0, 2438.0], [3058.0, 2446.0]], "group_id": {}, "shape_type": "rectangle", "score": 0.7099609375, "flags": {}}, {"label": "dianzhuang", "points": [[2334.0, 2834.0], [2342.0, 2842.0]], "group_id": {}, "shape_type": "rectangle", "score": 0.7099609375, "flags": {}}, {"label": "huichen", "points": [[1600.0, 538.0], [1606.0, 544.0]], "group_id": {}, "shape_type": "rectangle", "score": 0.712890625, "flags": {}}, {"label": "huichen", "points": [[2832.0, 2172.0], [2840.0, 2180.0]], "group_id": {}, "shape_type": "rectangle", "score": 0.71337890625, "flags": {}}, {"label": "dianzhuang", "points": [[1185.0, 444.0], [1191.0, 450.0]], "group_id": {}, "shape_type": "rectangle", "score": 0.71337890625, "flags": {}}, {"label": "huichen", "points": [[8.0, 1028.0], [15.0, 1036.0]], "group_id": {}, "shape_type": "rectangle", "score": 0.71484375, "flags": {}}, {"label": "huichen", "points": [[1842.0, 3136.0], [1848.0, 3144.0]], "group_id": {}, "shape_type": "rectangle", "score": 0.71484375, "flags": {}}, {"label": "huichen", "points": [[1170.0, 548.0], [1176.0, 555.0]], "group_id": {}, "shape_type": "rectangle", "score": 0.71484375, "flags": {}}, {"label": "dianzhuang", "points": [[3718.0, 857.0], [3726.0, 865.0]], "group_id": {}, "shape_type": "rectangle", "score": 0.71826171875, "flags": {}}, {"label": "dianzhuang", "points": [[1956.0, 103.0], [1964.0, 110.0]], "group_id": {}, "shape_type": "rectangle", "score": 0.7197265625, "flags": {}}, {"label": "huichen", "points": [[2832.0, 254.0], [2840.0, 264.0]], "group_id": {}, "shape_type": "rectangle", "score": 0.7197265625, "flags": {}}, {"label": "huichen", "points": [[1021.0, 441.0], [1027.0, 448.0]], "group_id": {}, "shape_type": "rectangle", "score": 0.72119140625, "flags": {}}, {"label": "dianzhuang", "points": [[309.0, 149.0], [316.0, 156.0]], "group_id": {}, "shape_type": "rectangle", "score": 0.72119140625, "flags": {}}, {"label": "huichen", "points": [[2412.0, 75.0], [2420.0, 82.0]], "group_id": {}, "shape_type": "rectangle", "score": 0.72119140625, "flags": {}}, {"label": "huichen", "points": [[278.0, 936.0], [286.0, 943.0]], "group_id": {}, "shape_type": "rectangle", "score": 0.724609375, "flags": {}}, {"label": "huichen", "points": [[2044.0, 399.0], [2052.0, 406.0]], "group_id": {}, "shape_type": "rectangle", "score": 0.724609375, "flags": {}}, {"label": "dianzhuang", "points": [[1809.0, 558.0], [1815.0, 564.0]], "group_id": {}, "shape_type": "rectangle", "score": 0.7255859375, "flags": {}}, {"label": "huichen", "points": [[1414.0, 2858.0], [1420.0, 2866.0]], "group_id": {}, "shape_type": "rectangle", "score": 0.72607421875, "flags": {}}, {"label": "dianzhuang", "points": [[855.0, 62.0], [862.0, 69.0]], "group_id": {}, "shape_type": "rectangle", "score": 0.7275390625, "flags": {}}, {"label": "dianzhuang", "points": [[1178.0, 920.0], [1184.0, 926.0]], "group_id": {}, "shape_type": "rectangle", "score": 0.72900390625, "flags": {}}, {"label": "huichen", "points": [[626.0, 418.0], [634.0, 425.0]], "group_id": {}, "shape_type": "rectangle", "score": 0.72900390625, "flags": {}}, {"label": "huichen", "points": [[2522.0, 3108.0], [2530.0, 3116.0]], "group_id": {}, "shape_type": "rectangle", "score": 0.72900390625, "flags": {}}, {"label": "huichen", "points": [[3480.0, 2268.0], [3488.0, 2276.0]], "group_id": {}, "shape_type": "rectangle", "score": 0.73046875, "flags": {}}, {"label": "dianzhuang", "points": [[3742.0, 1543.0], [3750.0, 1551.0]], "group_id": {}, "shape_type": "rectangle", "score": 0.73193359375, "flags": {}}, {"label": "dianzhuang", "points": [[2048.0, 411.0], [2056.0, 418.0]], "group_id": {}, "shape_type": "rectangle", "score": 0.73193359375, "flags": {}}, {"label": "huichen", "points": [[580.0, 612.0], [586.0, 618.0]], "group_id": {}, "shape_type": "rectangle", "score": 0.73193359375, "flags": {}}, {"label": "dianzhuang", "points": [[338.0, 422.0], [346.0, 432.0]], "group_id": {}, "shape_type": "rectangle", "score": 0.732421875, "flags": {}}, {"label": "dianzhuang", "points": [[736.0, 1162.0], [744.0, 1170.0]], "group_id": {}, "shape_type": "rectangle", "score": 0.7333984375, "flags": {}}, {"label": "huichen", "points": [[3230.0, 1362.0], [3238.0, 1368.0]], "group_id": {}, "shape_type": "rectangle", "score": 0.7333984375, "flags": {}}, {"label": "huichen", "points": [[2584.0, 67.0], [2592.0, 75.0]], "group_id": {}, "shape_type": "rectangle", "score": 0.734375, "flags": {}}, {"label": "dianzhuang", "points": [[1244.0, 42.0], [1254.0, 52.0]], "group_id": {}, "shape_type": "rectangle", "score": 0.734375, "flags": {}}, {"label": "dianzhuang", "points": [[2842.0, 600.0], [2850.0, 606.0]], "group_id": {}, "shape_type": "rectangle", "score": 0.7353515625, "flags": {}}, {"label": "huichen", "points": [[1139.0, 674.0], [1145.0, 681.0]], "group_id": {}, "shape_type": "rectangle", "score": 0.7353515625, "flags": {}}, {"label": "dianzhuang", "points": [[1772.0, 568.0], [1780.0, 576.0]], "group_id": {}, "shape_type": "rectangle", "score": 0.7353515625, "flags": {}}, {"label": "huichen", "points": [[1317.0, 2742.0], [1327.0, 2750.0]], "group_id": {}, "shape_type": "rectangle", "score": 0.73681640625, "flags": {}}, {"label": "huichen", "points": [[426.0, 2394.0], [433.0, 2402.0]], "group_id": {}, "shape_type": "rectangle", "score": 0.73828125, "flags": {}}, {"label": "dianzhuang", "points": [[1684.0, 3164.0], [1694.0, 3172.0]], "group_id": {}, "shape_type": "rectangle", "score": 0.73974609375, "flags": {}}, {"label": "dianzhuang", "points": [[432.0, 486.0], [440.0, 496.0]], "group_id": {}, "shape_type": "rectangle", "score": 0.73974609375, "flags": {}}, {"label": "huichen", "points": [[2836.0, 1784.0], [2844.0, 1792.0]], "group_id": {}, "shape_type": "rectangle", "score": 0.7412109375, "flags": {}}, {"label": "huichen", "points": [[1701.0, 1388.0], [1709.0, 1396.0]], "group_id": {}, "shape_type": "rectangle", "score": 0.7412109375, "flags": {}}, {"label": "huichen", "points": [[2130.0, 2906.0], [2138.0, 2914.0]], "group_id": {}, "shape_type": "rectangle", "score": 0.7412109375, "flags": {}}, {"label": "huichen", "points": [[2274.0, 2856.0], [2282.0, 2864.0]], "group_id": {}, "shape_type": "rectangle", "score": 0.74267578125, "flags": {}}, {"label": "dianzhuang", "points": [[173.0, 2266.0], [182.0, 2274.0]], "group_id": {}, "shape_type": "rectangle", "score": 0.74267578125, "flags": {}}, {"label": "huichen", "points": [[744.0, 561.0], [752.0, 568.0]], "group_id": {}, "shape_type": "rectangle", "score": 0.74267578125, "flags": {}}, {"label": "dianzhuang", "points": [[242.0, 2656.0], [250.0, 2664.0]], "group_id": {}, "shape_type": "rectangle", "score": 0.74267578125, "flags": {}}, {"label": "huichen", "points": [[2938.0, 997.0], [2946.0, 1003.0]], "group_id": {}, "shape_type": "rectangle", "score": 0.74267578125, "flags": {}}, {"label": "dianzhuang", "points": [[414.0, 940.0], [421.0, 948.0]], "group_id": {}, "shape_type": "rectangle", "score": 0.744140625, "flags": {}}, {"label": "dianzhuang", "points": [[3720.0, 1544.0], [3728.0, 1550.0]], "group_id": {}, "shape_type": "rectangle", "score": 0.744140625, "flags": {}}, {"label": "huichen", "points": [[3138.0, 2954.0], [3146.0, 2962.0]], "group_id": {}, "shape_type": "rectangle", "score": 0.744140625, "flags": {}}, {"label": "dianzhuang", "points": [[2780.0, 2734.0], [2788.0, 2742.0]], "group_id": {}, "shape_type": "rectangle", "score": 0.744140625, "flags": {}}, {"label": "dianzhuang", "points": [[1311.0, 422.0], [1327.0, 437.0]], "group_id": {}, "shape_type": "rectangle", "score": 0.7451171875, "flags": {}}, {"label": "huichen", "points": [[2166.0, 2916.0], [2174.0, 2924.0]], "group_id": {}, "shape_type": "rectangle", "score": 0.74560546875, "flags": {}}, {"label": "dianzhuang", "points": [[951.0, 2922.0], [958.0, 2930.0]], "group_id": {}, "shape_type": "rectangle", "score": 0.74560546875, "flags": {}}, {"label": "huichen", "points": [[534.0, 965.0], [542.0, 972.0]], "group_id": {}, "shape_type": "rectangle", "score": 0.74560546875, "flags": {}}, {"label": "dianzhuang", "points": [[2444.0, 2098.0], [2452.0, 2106.0]], "group_id": {}, "shape_type": "rectangle", "score": 0.74658203125, "flags": {}}, {"label": "huichen", "points": [[128.0, 2826.0], [136.0, 2834.0]], "group_id": {}, "shape_type": "rectangle", "score": 0.7470703125, "flags": {}}, {"label": "dianzhuang", "points": [[580.0, 1604.0], [588.0, 1610.0]], "group_id": {}, "shape_type": "rectangle", "score": 0.74853515625, "flags": {}}, {"label": "huichen", "points": [[2172.0, 2204.0], [2180.0, 2212.0]], "group_id": {}, "shape_type": "rectangle", "score": 0.74853515625, "flags": {}}, {"label": "huichen", "points": [[1539.0, 952.0], [1545.0, 958.0]], "group_id": {}, "shape_type": "rectangle", "score": 0.74853515625, "flags": {}}, {"label": "huichen", "points": [[429.0, 2698.0], [437.0, 2706.0]], "group_id": {}, "shape_type": "rectangle", "score": 0.74853515625, "flags": {}}, {"label": "huichen", "points": [[2264.0, 2938.0], [2272.0, 2946.0]], "group_id": {}, "shape_type": "rectangle", "score": 0.74853515625, "flags": {}}, {"label": "dianzhuang", "points": [[1807.0, 442.0], [1815.0, 451.0]], "group_id": {}, "shape_type": "rectangle", "score": 0.74853515625, "flags": {}}, {"label": "huichen", "points": [[717.0, 1904.0], [724.0, 1912.0]], "group_id": {}, "shape_type": "rectangle", "score": 0.74951171875, "flags": {}}, {"label": "huichen", "points": [[2078.0, 863.0], [2086.0, 869.0]], "group_id": {}, "shape_type": "rectangle", "score": 0.74951171875, "flags": {}}, {"label": "dianzhuang", "points": [[1680.0, 500.0], [1686.0, 506.0]], "group_id": {}, "shape_type": "rectangle", "score": 0.74951171875, "flags": {}}, {"label": "dianzhuang", "points": [[3794.0, 1708.0], [3800.0, 1716.0]], "group_id": {}, "shape_type": "rectangle", "score": 0.74951171875, "flags": {}}, {"label": "dianzhuang", "points": [[3576.0, 1246.0], [3584.0, 1254.0]], "group_id": {}, "shape_type": "rectangle", "score": 0.75, "flags": {}}, {"label": "huichen", "points": [[2146.0, 527.0], [2154.0, 534.0]], "group_id": {}, "shape_type": "rectangle", "score": 0.75, "flags": {}}, {"label": "huichen", "points": [[2864.0, 104.0], [2872.0, 111.0]], "group_id": {}, "shape_type": "rectangle", "score": 0.75, "flags": {}}, {"label": "dianzhuang", "points": [[1068.0, 544.0], [1076.0, 552.0]], "group_id": {}, "shape_type": "rectangle", "score": 0.7509765625, "flags": {}}, {"label": "dianzhuang", "points": [[2398.0, 1171.0], [2406.0, 1179.0]], "group_id": {}, "shape_type": "rectangle", "score": 0.7509765625, "flags": {}}, {"label": "dianzhuang", "points": [[2308.0, 405.0], [2316.0, 412.0]], "group_id": {}, "shape_type": "rectangle", "score": 0.75244140625, "flags": {}}, {"label": "dianzhuang", "points": [[1154.0, 642.0], [1162.0, 648.0]], "group_id": {}, "shape_type": "rectangle", "score": 0.7529296875, "flags": {}}, {"label": "dianzhuang", "points": [[2550.0, 3102.0], [2562.0, 3114.0]], "group_id": {}, "shape_type": "rectangle", "score": 0.7529296875, "flags": {}}, {"label": "huichen", "points": [[2068.0, 1411.0], [2076.0, 1419.0]], "group_id": {}, "shape_type": "rectangle", "score": 0.75390625, "flags": {}}, {"label": "huichen", "points": [[2060.0, 2936.0], [2068.0, 2944.0]], "group_id": {}, "shape_type": "rectangle", "score": 0.75390625, "flags": {}}, {"label": "dianzhuang", "points": [[276.0, 778.0], [286.0, 788.0]], "group_id": {}, "shape_type": "rectangle", "score": 0.75439453125, "flags": {}}, {"label": "dianzhuang", "points": [[3682.0, 2696.0], [3690.0, 2704.0]], "group_id": {}, "shape_type": "rectangle", "score": 0.75439453125, "flags": {}}, {"label": "huichen", "points": [[1297.0, 1777.0], [1305.0, 1785.0]], "group_id": {}, "shape_type": "rectangle", "score": 0.75439453125, "flags": {}}, {"label": "huichen", "points": [[1404.0, 742.0], [1410.0, 750.0]], "group_id": {}, "shape_type": "rectangle", "score": 0.75537109375, "flags": {}}, {"label": "huichen", "points": [[2196.0, 1564.0], [2204.0, 1570.0]], "group_id": {}, "shape_type": "rectangle", "score": 0.75537109375, "flags": {}}, {"label": "dianzhuang", "points": [[874.0, 2944.0], [882.0, 2952.0]], "group_id": {}, "shape_type": "rectangle", "score": 0.755859375, "flags": {}}, {"label": "huichen", "points": [[882.0, 2826.0], [890.0, 2834.0]], "group_id": {}, "shape_type": "rectangle", "score": 0.755859375, "flags": {}}, {"label": "dianzhuang", "points": [[2060.0, 1024.0], [2068.0, 1030.0]], "group_id": {}, "shape_type": "rectangle", "score": 0.7568359375, "flags": {}}, {"label": "huichen", "points": [[2974.0, 2502.0], [2982.0, 2510.0]], "group_id": {}, "shape_type": "rectangle", "score": 0.7568359375, "flags": {}}, {"label": "dianzhuang", "points": [[346.0, 906.0], [352.0, 912.0]], "group_id": {}, "shape_type": "rectangle", "score": 0.75732421875, "flags": {}}, {"label": "dianzhuang", "points": [[1629.0, 2274.0], [1637.0, 2282.0]], "group_id": {}, "shape_type": "rectangle", "score": 0.75732421875, "flags": {}}, {"label": "dianzhuang", "points": [[900.0, 2700.0], [906.0, 2708.0]], "group_id": {}, "shape_type": "rectangle", "score": 0.759765625, "flags": {}}, {"label": "huichen", "points": [[1302.0, 1282.0], [1310.0, 1290.0]], "group_id": {}, "shape_type": "rectangle", "score": 0.76025390625, "flags": {}}, {"label": "huichen", "points": [[3742.0, 1584.0], [3750.0, 1590.0]], "group_id": {}, "shape_type": "rectangle", "score": 0.76025390625, "flags": {}}, {"label": "dianzhuang", "points": [[770.0, 736.0], [776.0, 742.0]], "group_id": {}, "shape_type": "rectangle", "score": 0.76123046875, "flags": {}}, {"label": "huichen", "points": [[718.0, 1803.0], [726.0, 1811.0]], "group_id": {}, "shape_type": "rectangle", "score": 0.76171875, "flags": {}}, {"label": "huichen", "points": [[822.0, 2858.0], [830.0, 2866.0]], "group_id": {}, "shape_type": "rectangle", "score": 0.7626953125, "flags": {}}, {"label": "dianzhuang", "points": [[822.0, 83.0], [830.0, 91.0]], "group_id": {}, "shape_type": "rectangle", "score": 0.76318359375, "flags": {}}, {"label": "huichen", "points": [[1358.0, 1060.0], [1364.0, 1066.0]], "group_id": {}, "shape_type": "rectangle", "score": 0.76318359375, "flags": {}}, {"label": "huichen", "points": [[2078.0, 626.0], [2086.0, 632.0]], "group_id": {}, "shape_type": "rectangle", "score": 0.765625, "flags": {}}, {"label": "huichen", "points": [[2434.0, 2000.0], [2442.0, 2006.0]], "group_id": {}, "shape_type": "rectangle", "score": 0.765625, "flags": {}}, {"label": "dianzhuang", "points": [[870.0, 210.0], [879.0, 218.0]], "group_id": {}, "shape_type": "rectangle", "score": 0.7666015625, "flags": {}}, {"label": "dianzhuang", "points": [[1082.0, 616.0], [1088.0, 624.0]], "group_id": {}, "shape_type": "rectangle", "score": 0.7666015625, "flags": {}}, {"label": "dianzhuang", "points": [[2043.0, 399.0], [2048.0, 405.0]], "group_id": {}, "shape_type": "rectangle", "score": 0.7666015625, "flags": {}}, {"label": "dianzhuang", "points": [[1612.0, 23.0], [1622.0, 32.0]], "group_id": {}, "shape_type": "rectangle", "score": 0.76708984375, "flags": {}}, {"label": "dianzhuang", "points": [[1555.0, 600.0], [1561.0, 608.0]], "group_id": {}, "shape_type": "rectangle", "score": 0.76806640625, "flags": {}}, {"label": "dianzhuang", "points": [[2744.0, 126.0], [2752.0, 133.0]], "group_id": {}, "shape_type": "rectangle", "score": 0.76953125, "flags": {}}, {"label": "huichen", "points": [[2240.0, 542.0], [2248.0, 549.0]], "group_id": {}, "shape_type": "rectangle", "score": 0.77099609375, "flags": {}}, {"label": "dianzhuang", "points": [[296.0, 765.0], [305.0, 773.0]], "group_id": {}, "shape_type": "rectangle", "score": 0.77099609375, "flags": {}}, {"label": "dianzhuang", "points": [[1415.0, 502.0], [1425.0, 514.0]], "group_id": {}, "shape_type": "rectangle", "score": 0.77099609375, "flags": {}}, {"label": "dianzhuang", "points": [[3636.0, 180.0], [3644.0, 190.0]], "group_id": {}, "shape_type": "rectangle", "score": 0.771484375, "flags": {}}, {"label": "huichen", "points": [[686.0, 281.0], [694.0, 288.0]], "group_id": {}, "shape_type": "rectangle", "score": 0.771484375, "flags": {}}, {"label": "dianzhuang", "points": [[286.0, 2002.0], [295.0, 2010.0]], "group_id": {}, "shape_type": "rectangle", "score": 0.771484375, "flags": {}}, {"label": "huichen", "points": [[3526.0, 1493.0], [3534.0, 1501.0]], "group_id": {}, "shape_type": "rectangle", "score": 0.771484375, "flags": {}}, {"label": "dianzhuang", "points": [[1492.0, 49.0], [1502.0, 58.0]], "group_id": {}, "shape_type": "rectangle", "score": 0.771484375, "flags": {}}, {"label": "huichen", "points": [[3492.0, 936.0], [3500.0, 944.0]], "group_id": {}, "shape_type": "rectangle", "score": 0.7724609375, "flags": {}}, {"label": "dianzhuang", "points": [[1942.0, 343.0], [1948.0, 350.0]], "group_id": {}, "shape_type": "rectangle", "score": 0.7724609375, "flags": {}}, {"label": "dianzhuang", "points": [[2098.0, 965.0], [2106.0, 974.0]], "group_id": {}, "shape_type": "rectangle", "score": 0.7724609375, "flags": {}}, {"label": "dianzhuang", "points": [[2244.0, 2706.0], [2252.0, 2714.0]], "group_id": {}, "shape_type": "rectangle", "score": 0.7724609375, "flags": {}}, {"label": "dianzhuang", "points": [[1251.0, 435.0], [1259.0, 442.0]], "group_id": {}, "shape_type": "rectangle", "score": 0.7724609375, "flags": {}}, {"label": "dianzhuang", "points": [[1926.0, 1061.0], [1936.0, 1069.0]], "group_id": {}, "shape_type": "rectangle", "score": 0.77294921875, "flags": {}}, {"label": "dianzhuang", "points": [[782.0, 101.0], [790.0, 109.0]], "group_id": {}, "shape_type": "rectangle", "score": 0.7734375, "flags": {}}, {"label": "dianzhuang", "points": [[2636.0, 2988.0], [2644.0, 2996.0]], "group_id": {}, "shape_type": "rectangle", "score": 0.77392578125, "flags": {}}, {"label": "dianzhuang", "points": [[3666.0, 3044.0], [3674.0, 3052.0]], "group_id": {}, "shape_type": "rectangle", "score": 0.77392578125, "flags": {}}, {"label": "huichen", "points": [[1448.0, 2842.0], [1454.0, 2850.0]], "group_id": {}, "shape_type": "rectangle", "score": 0.77392578125, "flags": {}}, {"label": "dianzhuang", "points": [[3630.0, 2788.0], [3638.0, 2796.0]], "group_id": {}, "shape_type": "rectangle", "score": 0.77490234375, "flags": {}}, {"label": "huichen", "points": [[655.0, 761.0], [662.0, 768.0]], "group_id": {}, "shape_type": "rectangle", "score": 0.77490234375, "flags": {}}, {"label": "dianzhuang", "points": [[2108.0, 2568.0], [2116.0, 2576.0]], "group_id": {}, "shape_type": "rectangle", "score": 0.77783203125, "flags": {}}, {"label": "dianzhuang", "points": [[1269.0, 919.0], [1277.0, 927.0]], "group_id": {}, "shape_type": "rectangle", "score": 0.77783203125, "flags": {}}, {"label": "dianzhuang", "points": [[1133.0, 1285.0], [1141.0, 1293.0]], "group_id": {}, "shape_type": "rectangle", "score": 0.7783203125, "flags": {}}, {"label": "dianzhuang", "points": [[1651.0, 519.0], [1657.0, 525.0]], "group_id": {}, "shape_type": "rectangle", "score": 0.7783203125, "flags": {}}, {"label": "huichen", "points": [[3002.0, 2518.0], [3010.0, 2526.0]], "group_id": {}, "shape_type": "rectangle", "score": 0.77880859375, "flags": {}}, {"label": "huichen", "points": [[2584.0, 1889.0], [2592.0, 1895.0]], "group_id": {}, "shape_type": "rectangle", "score": 0.77880859375, "flags": {}}, {"label": "dianzhuang", "points": [[1733.0, 674.0], [1739.0, 681.0]], "group_id": {}, "shape_type": "rectangle", "score": 0.77880859375, "flags": {}}, {"label": "dianzhuang", "points": [[1633.0, 775.0], [1641.0, 782.0]], "group_id": {}, "shape_type": "rectangle", "score": 0.779296875, "flags": {}}, {"label": "dianzhuang", "points": [[558.0, 2324.0], [566.0, 2332.0]], "group_id": {}, "shape_type": "rectangle", "score": 0.779296875, "flags": {}}, {"label": "dianzhuang", "points": [[1658.0, 3148.0], [1666.0, 3156.0]], "group_id": {}, "shape_type": "rectangle", "score": 0.7802734375, "flags": {}}, {"label": "huichen", "points": [[3036.0, 376.0], [3044.0, 384.0]], "group_id": {}, "shape_type": "rectangle", "score": 0.7802734375, "flags": {}}, {"label": "dianzhuang", "points": [[79.0, 967.0], [88.0, 978.0]], "group_id": {}, "shape_type": "rectangle", "score": 0.78076171875, "flags": {}}, {"label": "dianzhuang", "points": [[326.0, 1947.0], [333.0, 1953.0]], "group_id": {}, "shape_type": "rectangle", "score": 0.78076171875, "flags": {}}, {"label": "dianzhuang", "points": [[442.0, 530.0], [451.0, 540.0]], "group_id": {}, "shape_type": "rectangle", "score": 0.78173828125, "flags": {}}, {"label": "dianzhuang", "points": [[660.0, 574.0], [667.0, 580.0]], "group_id": {}, "shape_type": "rectangle", "score": 0.78173828125, "flags": {}}, {"label": "dianzhuang", "points": [[759.0, 304.0], [767.0, 312.0]], "group_id": {}, "shape_type": "rectangle", "score": 0.783203125, "flags": {}}, {"label": "dianzhuang", "points": [[1060.0, 520.0], [1068.0, 527.0]], "group_id": {}, "shape_type": "rectangle", "score": 0.783203125, "flags": {}}, {"label": "dianzhuang", "points": [[3006.0, 3112.0], [3026.0, 3128.0]], "group_id": {}, "shape_type": "rectangle", "score": 0.78369140625, "flags": {}}, {"label": "huichen", "points": [[3456.0, 1796.0], [3464.0, 1804.0]], "group_id": {}, "shape_type": "rectangle", "score": 0.78369140625, "flags": {}}, {"label": "huichen", "points": [[1751.0, 848.0], [1759.0, 855.0]], "group_id": {}, "shape_type": "rectangle", "score": 0.78369140625, "flags": {}}, {"label": "dianzhuang", "points": [[2134.0, 2010.0], [2142.0, 2016.0]], "group_id": {}, "shape_type": "rectangle", "score": 0.7841796875, "flags": {}}, {"label": "huichen", "points": [[3250.0, 2910.0], [3258.0, 2918.0]], "group_id": {}, "shape_type": "rectangle", "score": 0.78466796875, "flags": {}}, {"label": "dianzhuang", "points": [[994.0, 482.0], [1000.0, 488.0]], "group_id": {}, "shape_type": "rectangle", "score": 0.78466796875, "flags": {}}, {"label": "dianzhuang", "points": [[2366.0, 446.0], [2374.0, 452.0]], "group_id": {}, "shape_type": "rectangle", "score": 0.78564453125, "flags": {}}, {"label": "huichen", "points": [[624.0, 1042.0], [632.0, 1050.0]], "group_id": {}, "shape_type": "rectangle", "score": 0.7861328125, "flags": {}}, {"label": "huichen", "points": [[1252.0, 1140.0], [1260.0, 1148.0]], "group_id": {}, "shape_type": "rectangle", "score": 0.78759765625, "flags": {}}, {"label": "dianzhuang", "points": [[1653.0, 62.0], [1661.0, 70.0]], "group_id": {}, "shape_type": "rectangle", "score": 0.78759765625, "flags": {}}, {"label": "dianzhuang", "points": [[2448.0, 417.0], [2456.0, 425.0]], "group_id": {}, "shape_type": "rectangle", "score": 0.78759765625, "flags": {}}, {"label": "huichen", "points": [[498.0, 842.0], [505.0, 850.0]], "group_id": {}, "shape_type": "rectangle", "score": 0.7880859375, "flags": {}}, {"label": "dianzhuang", "points": [[290.0, 2025.0], [298.0, 2033.0]], "group_id": {}, "shape_type": "rectangle", "score": 0.78857421875, "flags": {}}, {"label": "dianzhuang", "points": [[1935.0, 530.0], [1941.0, 538.0]], "group_id": {}, "shape_type": "rectangle", "score": 0.78955078125, "flags": {}}, {"label": "dianzhuang", "points": [[592.0, 1745.0], [598.0, 1751.0]], "group_id": {}, "shape_type": "rectangle", "score": 0.78955078125, "flags": {}}, {"label": "dianzhuang", "points": [[2104.0, 403.0], [2112.0, 410.0]], "group_id": {}, "shape_type": "rectangle", "score": 0.7900390625, "flags": {}}, {"label": "huichen", "points": [[690.0, 1238.0], [698.0, 1246.0]], "group_id": {}, "shape_type": "rectangle", "score": 0.7900390625, "flags": {}}, {"label": "huichen", "points": [[1759.0, 1834.0], [1767.0, 1842.0]], "group_id": {}, "shape_type": "rectangle", "score": 0.7900390625, "flags": {}}, {"label": "dianzhuang", "points": [[500.0, 685.0], [508.0, 693.0]], "group_id": {}, "shape_type": "rectangle", "score": 0.791015625, "flags": {}}, {"label": "dianzhuang", "points": [[3568.0, 2250.0], [3576.0, 2258.0]], "group_id": {}, "shape_type": "rectangle", "score": 0.79150390625, "flags": {}}, {"label": "dianzhuang", "points": [[1131.0, 232.0], [1141.0, 242.0]], "group_id": {}, "shape_type": "rectangle", "score": 0.79150390625, "flags": {}}, {"label": "dianzhuang", "points": [[1499.0, 620.0], [1505.0, 626.0]], "group_id": {}, "shape_type": "rectangle", "score": 0.7919921875, "flags": {}}, {"label": "huichen", "points": [[1922.0, 1843.0], [1930.0, 1849.0]], "group_id": {}, "shape_type": "rectangle", "score": 0.79248046875, "flags": {}}, {"label": "dianzhuang", "points": [[1919.0, 1096.0], [1927.0, 1104.0]], "group_id": {}, "shape_type": "rectangle", "score": 0.79248046875, "flags": {}}, {"label": "dianzhuang", "points": [[446.0, 1922.0], [455.0, 1930.0]], "group_id": {}, "shape_type": "rectangle", "score": 0.79248046875, "flags": {}}, {"label": "dianzhuang", "points": [[1322.0, 602.0], [1330.0, 610.0]], "group_id": {}, "shape_type": "rectangle", "score": 0.79248046875, "flags": {}}, {"label": "dianzhuang", "points": [[2446.0, 574.0], [2454.0, 582.0]], "group_id": {}, "shape_type": "rectangle", "score": 0.79248046875, "flags": {}}, {"label": "dianzhuang", "points": [[498.0, 1244.0], [508.0, 1252.0]], "group_id": {}, "shape_type": "rectangle", "score": 0.79345703125, "flags": {}}, {"label": "dianzhuang", "points": [[2418.0, 51.0], [2426.0, 58.0]], "group_id": {}, "shape_type": "rectangle", "score": 0.79541015625, "flags": {}}, {"label": "dianzhuang", "points": [[1931.0, 410.0], [1937.0, 417.0]], "group_id": {}, "shape_type": "rectangle", "score": 0.79541015625, "flags": {}}, {"label": "dianzhuang", "points": [[507.0, 1065.0], [515.0, 1073.0]], "group_id": {}, "shape_type": "rectangle", "score": 0.7978515625, "flags": {}}, {"label": "dianzhuang", "points": [[2082.0, 995.0], [2090.0, 1002.0]], "group_id": {}, "shape_type": "rectangle", "score": 0.7978515625, "flags": {}}, {"label": "dianzhuang", "points": [[2176.0, 1815.0], [2184.0, 1823.0]], "group_id": {}, "shape_type": "rectangle", "score": 0.79833984375, "flags": {}}, {"label": "dianzhuang", "points": [[1201.0, 44.0], [1209.0, 52.0]], "group_id": {}, "shape_type": "rectangle", "score": 0.79833984375, "flags": {}}, {"label": "dianzhuang", "points": [[2706.0, 2892.0], [2718.0, 2904.0]], "group_id": {}, "shape_type": "rectangle", "score": 0.798828125, "flags": {}}, {"label": "dianzhuang", "points": [[1185.0, 318.0], [1195.0, 327.0]], "group_id": {}, "shape_type": "rectangle", "score": 0.798828125, "flags": {}}, {"label": "dianzhuang", "points": [[2350.0, 1073.0], [2358.0, 1081.0]], "group_id": {}, "shape_type": "rectangle", "score": 0.798828125, "flags": {}}, {"label": "dianzhuang", "points": [[303.0, 534.0], [314.0, 546.0]], "group_id": {}, "shape_type": "rectangle", "score": 0.80029296875, "flags": {}}, {"label": "dianzhuang", "points": [[1331.0, 740.0], [1339.0, 748.0]], "group_id": {}, "shape_type": "rectangle", "score": 0.80078125, "flags": {}}, {"label": "dianzhuang", "points": [[495.0, 2686.0], [504.0, 2694.0]], "group_id": {}, "shape_type": "rectangle", "score": 0.80078125, "flags": {}}, {"label": "dianzhuang", "points": [[2062.0, 1552.0], [2070.0, 1560.0]], "group_id": {}, "shape_type": "rectangle", "score": 0.80224609375, "flags": {}}, {"label": "dianzhuang", "points": [[322.0, 2066.0], [330.0, 2074.0]], "group_id": {}, "shape_type": "rectangle", "score": 0.802734375, "flags": {}}, {"label": "dianzhuang", "points": [[420.0, 1239.0], [428.0, 1247.0]], "group_id": {}, "shape_type": "rectangle", "score": 0.802734375, "flags": {}}, {"label": "dianzhuang", "points": [[2322.0, 351.0], [2330.0, 360.0]], "group_id": {}, "shape_type": "rectangle", "score": 0.8037109375, "flags": {}}, {"label": "dianzhuang", "points": [[922.0, 830.0], [934.0, 841.0]], "group_id": {}, "shape_type": "rectangle", "score": 0.80517578125, "flags": {}}, {"label": "dianzhuang", "points": [[1008.0, 296.0], [1016.0, 305.0]], "group_id": {}, "shape_type": "rectangle", "score": 0.80859375, "flags": {}}, {"label": "dianzhuang", "points": [[3042.0, 1473.0], [3050.0, 1483.0]], "group_id": {}, "shape_type": "rectangle", "score": 0.81005859375, "flags": {}}, {"label": "dianzhuang", "points": [[988.0, 618.0], [996.0, 626.0]], "group_id": {}, "shape_type": "rectangle", "score": 0.810546875, "flags": {}}, {"label": "dianzhuang", "points": [[3326.0, 2116.0], [3338.0, 2128.0]], "group_id": {}, "shape_type": "rectangle", "score": 0.810546875, "flags": {}}, {"label": "dianzhuang", "points": [[2274.0, 349.0], [2282.0, 359.0]], "group_id": {}, "shape_type": "rectangle", "score": 0.81103515625, "flags": {}}, {"label": "dianzhuang", "points": [[592.0, 864.0], [600.0, 872.0]], "group_id": {}, "shape_type": "rectangle", "score": 0.8134765625, "flags": {}}, {"label": "dianzhuang", "points": [[1050.0, 331.0], [1058.0, 338.0]], "group_id": {}, "shape_type": "rectangle", "score": 0.81494140625, "flags": {}}, {"label": "dianzhuang", "points": [[353.0, 2042.0], [360.0, 2048.0]], "group_id": {}, "shape_type": "rectangle", "score": 0.818359375, "flags": {}}, {"label": "dianzhuang", "points": [[2252.0, 1646.0], [2260.0, 1654.0]], "group_id": {}, "shape_type": "rectangle", "score": 0.82177734375, "flags": {}}, {"label": "dianzhuang", "points": [[794.0, 320.0], [802.0, 328.0]], "group_id": {}, "shape_type": "rectangle", "score": 0.822265625, "flags": {}}, {"label": "dianzhuang", "points": [[1336.0, 806.0], [1350.0, 818.0]], "group_id": {}, "shape_type": "rectangle", "score": 0.8232421875, "flags": {}}, {"label": "dianzhuang", "points": [[2658.0, 2898.0], [2674.0, 2910.0]], "group_id": {}, "shape_type": "rectangle", "score": 0.8310546875, "flags": {}}, {"label": "huichen", "points": [[506.0, 2030.0], [514.0, 2038.0]], "group_id": {}, "shape_type": "rectangle", "score": 0.83154296875, "flags": {}}, {"label": "dianzhuang", "points": [[2102.0, 830.0], [2110.0, 838.0]], "group_id": {}, "shape_type": "rectangle", "score": 0.8349609375, "flags": {}}, {"label": "dianzhuang", "points": [[1743.0, 2346.0], [1755.0, 2358.0]], "group_id": {}, "shape_type": "rectangle", "score": 0.84912109375, "flags": {}}, {"label": "dianzhuang", "points": [[1497.0, 1121.0], [1511.0, 1131.0]], "group_id": {}, "shape_type": "rectangle", "score": 0.86083984375, "flags": {}}, {"label": "dianzhuang", "points": [[2412.0, 2944.0], [2440.0, 2972.0]], "group_id": {}, "shape_type": "rectangle", "score": 0.890625, "flags": {}}], "imagePath": "3702-0012-01.jpg", "imageData": null, "imageHeight": 3200, "imageWidth": 3800}